URL,Tag Type,Content
https://satoshinotebook.com/reality,h3,The Given Reality
https://satoshinotebook.com/reality,h3,The Embodied Condition
https://satoshinotebook.com/reality,h3,The Time Bind
https://satoshinotebook.com/reality,h3,The Consciousness Paradox
https://satoshinotebook.com/reality,h3,The Shared Experience
https://satoshinotebook.com/reality,h3,The Drive to Overcome
https://satoshinotebook.com/reality,h3,The Basis for Cooperation
https://satoshinotebook.com/reality,h3,The Emergence of Exchange
https://satoshinotebook.com/reality,p,"we find ourselves thrown into existence - conscious beings embodied in physical form, subject to fundamental constraints and driven by essential needs and desires, sharing this condition with countless others in a vast, interconnected reality."
https://satoshinotebook.com/reality,p,we awaken to find ourselves already here:
https://satoshinotebook.com/reality,p,our physical form imposes fundamental constraints:
https://satoshinotebook.com/reality,p,we exist in time's inescapable flow:
https://satoshinotebook.com/reality,p,we are aware of our condition:
https://satoshinotebook.com/reality,p,we are not alone in this condition:
https://satoshinotebook.com/reality,p,our awareness creates imperative for action:
https://satoshinotebook.com/reality,p,our shared condition creates the foundation for society:
https://satoshinotebook.com/reality,p,this reality necessitates systems of coordination:
https://satoshinotebook.com/reality,p,"given our shared existential condition - our embodied constraints, our needs and desires, our awareness of time, and our ability to cooperate - we require systems to coordinate our collective energies. the nature of our reality itself creates the foundation for economic exchange and, ultimately, the necessity of money."
https://satoshinotebook.com/scarcity,h3,The Paradox of Existence
https://satoshinotebook.com/scarcity,h3,The Birth of Space
https://satoshinotebook.com/scarcity,h3,The Nature of Time
https://satoshinotebook.com/scarcity,h3,Nature's Design
https://satoshinotebook.com/scarcity,h3,Embodied Freedom
https://satoshinotebook.com/scarcity,h3,The Value Principle
https://satoshinotebook.com/scarcity,h3,Economic Reality
https://satoshinotebook.com/scarcity,p,"scarcity is not a flaw in existence, but its essential design principle. without constraint, there would be no space, no time, no movement, no being. nature reveals itself through limitation."
https://satoshinotebook.com/scarcity,p,perfect freedom would be perfect paralysis:
https://satoshinotebook.com/scarcity,p,space emerges through embodiment:
https://satoshinotebook.com/scarcity,p,time flows from limitation:
https://satoshinotebook.com/scarcity,p,scarcity shapes all natural systems:
https://satoshinotebook.com/scarcity,p,constraint enables rather than limits:
https://satoshinotebook.com/scarcity,p,scarcity creates meaning:
https://satoshinotebook.com/scarcity,p,scarcity defines economic existence:
https://satoshinotebook.com/the-language-of-scarcity,h3,The Universal Exchange
https://satoshinotebook.com/the-language-of-scarcity,h3,The Scarcity Imperative
https://satoshinotebook.com/the-language-of-scarcity,h3,The Nature of Society
https://satoshinotebook.com/the-language-of-scarcity,h3,The Human Condition
https://satoshinotebook.com/the-language-of-scarcity,h3,The Exchange Matrix
https://satoshinotebook.com/the-language-of-scarcity,h3,The Efficiency Drive
https://satoshinotebook.com/the-language-of-scarcity,h3,The Trade Imperative
https://satoshinotebook.com/the-language-of-scarcity,h3,The Network Effect
https://satoshinotebook.com/the-language-of-scarcity,h3,The Social Network
https://satoshinotebook.com/the-language-of-scarcity,h3,Human Progress
https://satoshinotebook.com/the-language-of-scarcity,h3,The Coordination Problem
https://satoshinotebook.com/the-language-of-scarcity,h3,The Need for Systems
https://satoshinotebook.com/the-language-of-scarcity,h3,The Exchange Consciousness
https://satoshinotebook.com/the-language-of-scarcity,h3,The Optimization Imperative
https://satoshinotebook.com/the-language-of-scarcity,h3,The Evolution of Exchange
https://satoshinotebook.com/the-language-of-scarcity,h3,The Foundation for Money
https://satoshinotebook.com/the-language-of-scarcity,p,"society is exchange. exchange is society. they are not two separate things but the same phenomenon observed from different angles. from the trading of goods to the sharing of ideas, from market transactions to conversations themselves - all human interaction is fundamentally exchange."
https://satoshinotebook.com/the-language-of-scarcity,p,exchange permeates every aspect of human existence:
https://satoshinotebook.com/the-language-of-scarcity,p,our economic nature flows from reality's constraints:
https://satoshinotebook.com/the-language-of-scarcity,p,society exists wherever humans exchange:
https://satoshinotebook.com/the-language-of-scarcity,p,humans are unique in our capacity for specialization and exchange:
https://satoshinotebook.com/the-language-of-scarcity,p,all human activity can be understood as forms of exchange:
https://satoshinotebook.com/the-language-of-scarcity,p,scarcity creates an endless pressure toward efficiency:
https://satoshinotebook.com/the-language-of-scarcity,p,exchange isn't just what we do - it's what we are:
https://satoshinotebook.com/the-language-of-scarcity,p,efficient trade creates compounding benefits:
https://satoshinotebook.com/the-language-of-scarcity,p,society forms through interconnected exchanges:
https://satoshinotebook.com/the-language-of-scarcity,p,society advances through collective improvement:
https://satoshinotebook.com/the-language-of-scarcity,p,complex society creates coordination challenges:
https://satoshinotebook.com/the-language-of-scarcity,p,societal complexity demands coordination mechanisms:
https://satoshinotebook.com/the-language-of-scarcity,p,understanding society as exchange changes everything:
https://satoshinotebook.com/the-language-of-scarcity,p,society must continuously improve its exchange systems:
https://satoshinotebook.com/the-language-of-scarcity,p,society's advancement depends on improving these systems:
https://satoshinotebook.com/the-language-of-scarcity,p,"if society is exchange, then money is its protocol:"
https://satoshinotebook.com/the-language-of-scarcity,p,"we require a universal system of exchange - one that can coordinate all human activity with maximum efficiency, store all human value without loss, and enable all human cooperation without friction. money isn't just a tool for trade - it's the operating system of human society itself, the protocol through which humanity coordinates all forms of exchange, from the material to the metaphysical."
https://satoshinotebook.com/the-arrow-of-time,h3,The Physical Arrow
https://satoshinotebook.com/the-arrow-of-time,h3,The Complexity Arrow
https://satoshinotebook.com/the-arrow-of-time,h3,The Evolutionary Arrow
https://satoshinotebook.com/the-arrow-of-time,h3,The Social Arrow
https://satoshinotebook.com/the-arrow-of-time,h3,The Efficiency Arrow
https://satoshinotebook.com/the-arrow-of-time,h3,The Knowledge Arrow
https://satoshinotebook.com/the-arrow-of-time,h3,The Monetary Arrow
https://satoshinotebook.com/the-arrow-of-time,h3,Convergent Evolution
https://satoshinotebook.com/the-arrow-of-time,h3,The Universal Pattern
https://satoshinotebook.com/the-arrow-of-time,p,"time's arrow manifests across all scales of reality - from physical laws to social evolution. it represents the universal tendency toward greater complexity, efficiency, and order within disorder."
https://satoshinotebook.com/the-arrow-of-time,p,"at the most fundamental level, time's direction is defined by entropy:"
https://satoshinotebook.com/the-arrow-of-time,p,"paradoxically, increasing entropy enables increasing complexity:"
https://satoshinotebook.com/the-arrow-of-time,p,biological systems demonstrate clear directional progress:
https://satoshinotebook.com/the-arrow-of-time,p,human society follows similar patterns of advancement:
https://satoshinotebook.com/the-arrow-of-time,p,"across all domains, systems evolve toward greater efficiency:"
https://satoshinotebook.com/the-arrow-of-time,p,information and understanding accumulate directionally:
https://satoshinotebook.com/the-arrow-of-time,p,economic systems evolve toward higher forms:
https://satoshinotebook.com/the-arrow-of-time,p,all arrows of time point toward similar characteristics:
https://satoshinotebook.com/the-arrow-of-time,p,"from the physical to the social, from the biological to the technological, we see the same patterns emerge:"
https://satoshinotebook.com/the-arrow-of-time,p,"understanding this universal pattern helps us recognize bitcoin not as a mere technology, but as the inevitable emergence of a maximally efficient system for human energy storage and transfer - a natural consequence of the universe's tendency toward optimal solutions."
https://satoshinotebook.com/money-is-interopability,h3,The Coincidence of Wants
https://satoshinotebook.com/money-is-interopability,h3,The Coincidence of Time
https://satoshinotebook.com/money-is-interopability,h3,The Coincidence of Space
https://satoshinotebook.com/money-is-interopability,h3,Universal Salability
https://satoshinotebook.com/money-is-interopability,h3,Perfect Interoperability
https://satoshinotebook.com/money-is-interopability,h3,Dimensional Properties
https://satoshinotebook.com/money-is-interopability,h3,Network Properties
https://satoshinotebook.com/money-is-interopability,h3,The Hyperspace Solution
https://satoshinotebook.com/money-is-interopability,p,"money must transcend the fundamental constraints of reality - creating a hyperspace where value can move freely across time, space, and human desire. it must solve the coordination problems that make barter impossible at scale."
https://satoshinotebook.com/money-is-interopability,p,barter fails because it requires a perfect match of desires:
https://satoshinotebook.com/money-is-interopability,p,value must transcend temporal constraints:
https://satoshinotebook.com/money-is-interopability,p,geographic limitations must be overcome:
https://satoshinotebook.com/money-is-interopability,p,money must be instantly and universally convertible:
https://satoshinotebook.com/money-is-interopability,p,money must function seamlessly across all systems:
https://satoshinotebook.com/money-is-interopability,p,perfect money must possess specific dimensional qualities:
https://satoshinotebook.com/money-is-interopability,p,money is fundamentally a network phenomenon:
https://satoshinotebook.com/money-is-interopability,p,bitcoin is the first form of money to achieve true dimensional transcendence:
https://satoshinotebook.com/money-is-interopability,p,"it creates a pure value hyperspace where the constraints of physical reality no longer apply. through bitcoin, value can move instantly across time and space, between any parties, in any amount, without degradation or friction. it is the first monetary technology to fully solve the coordination problems that have limited human cooperation throughout history."
https://satoshinotebook.com/money-is-energy,h3,The Physics of Value
https://satoshinotebook.com/money-is-energy,h3,The Crystallization of Human Potential
https://satoshinotebook.com/money-is-energy,h3,The Profound Implications
https://satoshinotebook.com/money-is-energy,h3,The Elegant Simplicity
https://satoshinotebook.com/money-is-energy,h3,Looking Forward
https://satoshinotebook.com/money-is-energy,p,"Money is deferred time and energy in abstracted form - the crystallization
     of human potential into transferable form."
https://satoshinotebook.com/money-is-energy,p,"Just as Einstein showed us that matter and energy are interchangeable through E=mc², money serves as the mechanism for converting human energy into a storable, transferable form. When you work, create, or provide value to society, you are quite literally transforming your life force - your time, creativity, and physical or mental effort - into an abstract token of that energy."
https://satoshinotebook.com/money-is-energy,p,"What makes money truly remarkable is its ability to crystallize human potential into transferable form. Your knowledge, skills, creativity, and effort - all aspects of your human potential - can be transformed into a medium that others recognize and value."
https://satoshinotebook.com/money-is-energy,p,This crystallization process serves several crucial functions:
https://satoshinotebook.com/money-is-energy,p,Understanding money as crystallized human energy has profound implications. True wealth creation is not about manipulating numbers but about channeling human energy into forms that benefit society. Every honest dollar represents real human effort and ingenuity.
https://satoshinotebook.com/money-is-energy,p,"If money represents human life energy, then its debasement is not just an economic issue but a moral one. Inflation doesn't just reduce purchasing power - it literally dissipates stored human effort."
https://satoshinotebook.com/money-is-energy,p,"The beauty of this understanding lies in its elegant simplicity. While modern financial systems have become incredibly complex, the core truth remains: money is simply deferred time and energy in abstracted form. This simplicity is not a limitation but rather a source of its power."
https://satoshinotebook.com/money-is-energy,p,"Bitcoin makes the energy-money relationship explicit through its proof-of-work system, requiring literal electrical energy to create new units, forming a direct bridge between physical energy and monetary value."
https://satoshinotebook.com/money-is-energy,p,Understanding money as crystallized energy helps us evaluate any monetary system by asking: How well does it preserve human energy across time? How fairly does it facilitate energy exchange between parties? How resistant is it to the unauthorized dissipation of stored energy?
https://satoshinotebook.com/properties-of-money,h3,Durability
https://satoshinotebook.com/properties-of-money,h3,Divisibility
https://satoshinotebook.com/properties-of-money,h3,Portability
https://satoshinotebook.com/properties-of-money,h3,Scarcity
https://satoshinotebook.com/properties-of-money,h3,Fungibility
https://satoshinotebook.com/properties-of-money,h3,Verifiability
https://satoshinotebook.com/properties-of-money,h3,Acceptability
https://satoshinotebook.com/properties-of-money,h3,Perfect Integration
https://satoshinotebook.com/properties-of-money,p,"money requires specific properties to function effectively as a store of value, medium of exchange, and unit of account. these properties are not arbitrary - they emerge from the fundamental requirements of human coordination and value transfer."
https://satoshinotebook.com/properties-of-money,p,money must maintain its properties across time:
https://satoshinotebook.com/properties-of-money,p,money must be separable into smaller units:
https://satoshinotebook.com/properties-of-money,p,money must be easily transported:
https://satoshinotebook.com/properties-of-money,p,money must maintain limited supply:
https://satoshinotebook.com/properties-of-money,p,money must be mutually interchangeable:
https://satoshinotebook.com/properties-of-money,p,money must be easily authenticated:
https://satoshinotebook.com/properties-of-money,p,money must be widely recognized and accepted:
https://satoshinotebook.com/properties-of-money,p,these properties cannot exist in isolation - they must work together in perfect harmony. the failure of any single property compromises the entire system.
https://satoshinotebook.com/properties-of-money,p,"true money achieves the ideal balance of all these properties simultaneously, creating a reliable system for storing and transferring value across time and space. each property reinforces the others, creating a robust and effective monetary system."
https://satoshinotebook.com/evolution-of-interopability,h3,The Evolutionary Drive
https://satoshinotebook.com/evolution-of-interopability,h3,The Path of Hardness
https://satoshinotebook.com/evolution-of-interopability,h3,The Interoperability Evolution
https://satoshinotebook.com/evolution-of-interopability,h3,The Monetary Convergence
https://satoshinotebook.com/evolution-of-interopability,h3,Selection Pressures
https://satoshinotebook.com/evolution-of-interopability,h3,The Interoperability Imperative
https://satoshinotebook.com/evolution-of-interopability,h3,Convergence Path
https://satoshinotebook.com/evolution-of-interopability,h3,The Final Form
https://satoshinotebook.com/evolution-of-interopability,p,"human civilization inevitably drives toward harder, more interoperable forms of money - a relentless evolution from fragmented mediums of exchange toward the perfect coincidence of value transfer."
https://satoshinotebook.com/evolution-of-interopability,p,"money evolves not by chance, but by necessity. each step in monetary history represents a move toward greater hardness and interoperability:"
https://satoshinotebook.com/evolution-of-interopability,p,monetary evolution follows a clear trajectory toward harder money:
https://satoshinotebook.com/evolution-of-interopability,p,money evolves through expanding circles of interoperability:
https://satoshinotebook.com/evolution-of-interopability,p,each step in monetary evolution increases interoperability:
https://satoshinotebook.com/evolution-of-interopability,p,market forces naturally select for superior monetary properties:
https://satoshinotebook.com/evolution-of-interopability,p,"simultaneously, money evolves toward greater interoperability:"
https://satoshinotebook.com/evolution-of-interopability,p,this evolution isn't random - it follows a precise trajectory:
https://satoshinotebook.com/evolution-of-interopability,p,monetary evolution culminates in a system that perfectly embodies all essential properties while achieving universal interoperability. this isn't just an improvement - it's the completion of money's evolutionary journey.
https://satoshinotebook.com/evolution-of-interopability,p,"we are witnessing this culmination in real-time: bitcoin represents the convergence of perfect monetary properties with universal interoperability. it is not just another step in evolution, but the achievement of money's final form."
https://satoshinotebook.com/the-universal-coincidence,h3,The Convergence Principle
https://satoshinotebook.com/the-universal-coincidence,h3,System Design Universals
https://satoshinotebook.com/the-universal-coincidence,h3,The Interoperability Imperative
https://satoshinotebook.com/the-universal-coincidence,h3,The Engineering Evidence
https://satoshinotebook.com/the-universal-coincidence,h3,The Monetary Manifestation
https://satoshinotebook.com/the-universal-coincidence,h3,Beyond Individual Coincidences
https://satoshinotebook.com/the-universal-coincidence,h3,The Universal System
https://satoshinotebook.com/the-universal-coincidence,h3,The Inevitable Convergence
https://satoshinotebook.com/the-universal-coincidence,p,"perfect interoperability is the endgame of system evolution. as we overcome coincidences of time, space, and desire, we move inexorably toward a universal system of frictionless coordination - a convergence that manifests across all domains of reality."
https://satoshinotebook.com/the-universal-coincidence,p,all system evolution points toward a single truth:
https://satoshinotebook.com/the-universal-coincidence,p,the same patterns emerge across all domains:
https://satoshinotebook.com/the-universal-coincidence,p,system efficiency is directly proportional to interoperability:
https://satoshinotebook.com/the-universal-coincidence,p,technical systems demonstrate this principle clearly:
https://satoshinotebook.com/the-universal-coincidence,p,money follows this same evolutionary drive:
https://satoshinotebook.com/the-universal-coincidence,p,the ultimate goal transcends individual solutions:
https://satoshinotebook.com/the-universal-coincidence,p,this evolution points toward a singular conclusion:
https://satoshinotebook.com/the-universal-coincidence,p,the path from properties to universal coincidence is not just possible - it's inevitable:
https://satoshinotebook.com/the-universal-coincidence,p,"just as evolution inexorably selects for more efficient organisms, and engineering inevitably trends toward more universal standards, monetary systems must evolve toward perfect interoperability. bitcoin's emergence isn't just another option - it's the mathematical necessity of system evolution itself."
https://satoshinotebook.com/legacy-money,h3,Primitive Money
https://satoshinotebook.com/legacy-money,h3,Precious Metals
https://satoshinotebook.com/legacy-money,h3,Paper Money
https://satoshinotebook.com/legacy-money,h3,Digital Fiat
https://satoshinotebook.com/legacy-money,h3,"Modern ""Investments"""
https://satoshinotebook.com/legacy-money,h3,The Pattern of Decay
https://satoshinotebook.com/legacy-money,h3,The Requirements Emerge
https://satoshinotebook.com/legacy-money,p,"throughout history, humans have tried countless forms of money - each failing in its own way, each teaching us what perfect money must be. from shells to digital databases, every iteration has revealed another aspect of money's fundamental requirements."
https://satoshinotebook.com/legacy-money,p,our earliest forms of money reveal humanity's basic understanding of what money requires:
https://satoshinotebook.com/legacy-money,p,gold and silver seemed perfect until their flaws emerged:
https://satoshinotebook.com/legacy-money,p,fiat currencies reveal the fatal flaw of trust-based money:
https://satoshinotebook.com/legacy-money,p,modern banking's digital layer adds new vulnerabilities:
https://satoshinotebook.com/legacy-money,p,today's financial instruments are complex but fundamentally flawed:
https://satoshinotebook.com/legacy-money,p,each form of money follows a similar pattern of decay:
https://satoshinotebook.com/legacy-money,p,"through these failures, we can see what perfect money requires:"
https://satoshinotebook.com/legacy-money,p,"each failed form of money has taught us something essential about what money must be. bitcoin isn't just another iteration - it's the culmination of these lessons, the first form of money that solves every problem revealed by history's failures."
https://satoshinotebook.com/flaws-of-modern-finance,h3,The S&P 500 Illusion
https://satoshinotebook.com/flaws-of-modern-finance,h3,Index Fund Weaknesses
https://satoshinotebook.com/flaws-of-modern-finance,h3,Individual Stocks
https://satoshinotebook.com/flaws-of-modern-finance,h3,Real Estate
https://satoshinotebook.com/flaws-of-modern-finance,h3,Treasury Securities
https://satoshinotebook.com/flaws-of-modern-finance,h3,Money Market Funds
https://satoshinotebook.com/flaws-of-modern-finance,h3,Corporate Bonds
https://satoshinotebook.com/flaws-of-modern-finance,h3,The ETF Structure
https://satoshinotebook.com/flaws-of-modern-finance,h3,The Fundamental Problem
https://satoshinotebook.com/flaws-of-modern-finance,p,modern financial instruments are increasingly complex layers built upon an unstable foundation. each layer adds new vulnerabilities while masking the fundamental flaws of the system beneath.
https://satoshinotebook.com/flaws-of-modern-finance,p,the world's most popular index has multiple fatal flaws:
https://satoshinotebook.com/flaws-of-modern-finance,p,passive investing creates new systemic risks:
https://satoshinotebook.com/flaws-of-modern-finance,p,single company investments face existential challenges:
https://satoshinotebook.com/flaws-of-modern-finance,p,housing treated as an investment creates multiple problems:
https://satoshinotebook.com/flaws-of-modern-finance,p,government bonds offer guaranteed loss of purchasing power:
https://satoshinotebook.com/flaws-of-modern-finance,p,"supposedly ""safe"" cash equivalents are anything but:"
https://satoshinotebook.com/flaws-of-modern-finance,p,corporate debt instruments combine multiple risks:
https://satoshinotebook.com/flaws-of-modern-finance,p,exchange traded funds add new layers of risk:
https://satoshinotebook.com/flaws-of-modern-finance,p,all these instruments share core weaknesses:
https://satoshinotebook.com/flaws-of-modern-finance,p,these aren't just flaws in the instruments - they're inherent weaknesses in a financial system built on shifting sands. bitcoin doesn't just offer an alternative investment - it offers an escape from this fundamentally flawed system.
https://satoshinotebook.com/inflation-is-a-problem,h3,The Economic Bloodletting
https://satoshinotebook.com/inflation-is-a-problem,h3,The Oxygen Metaphor
https://satoshinotebook.com/inflation-is-a-problem,h3,The Hidden Tax
https://satoshinotebook.com/inflation-is-a-problem,h3,The Inevitable Collapse
https://satoshinotebook.com/inflation-is-a-problem,h3,The Path Forward
https://satoshinotebook.com/inflation-is-a-problem,p,Inflation is the silent bleeding of economic energy from a monetary system - a continuous extraction of value that weakens the very lifeblood of an economy.
https://satoshinotebook.com/inflation-is-a-problem,p,"Imagine having ten pints of blood in your body, and every month, someone extracts one pint. At first, you might barely notice. But over time, your performance deteriorates, your strength diminishes, and your vitality fades. This is precisely what inflation does to an economy's monetary system."
https://satoshinotebook.com/inflation-is-a-problem,p,"Currency is to an economy what blood is to the body, and economic energy is to currency what oxygen is to blood. When we continuously extract the oxygen from a room, we create an environment where nothing can thrive. Similarly, when we constantly drain the economic energy from a currency through inflation, we create an economy where sustainable growth becomes impossible."
https://satoshinotebook.com/inflation-is-a-problem,p,"The most insidious aspect of inflation is its inequality. Those closest to the money printer - large financial institutions and governments - get to spend the new money first, before prices adjust. By the time this money reaches the average person, prices have already risen, and their purchasing power has been silently stolen."
https://satoshinotebook.com/inflation-is-a-problem,p,Consider these real-world manifestations:
https://satoshinotebook.com/inflation-is-a-problem,p,"History shows us that every monetary system based on inflation eventually collapses. From the Roman denarius to the German mark, from the Argentine peso to the Venezuelan bolivar - the pattern is consistent and unavoidable. When you keep extracting economic energy from a system, it will eventually fail."
https://satoshinotebook.com/inflation-is-a-problem,p,"The modern global monetary system is no different. With central banks expanding money supply at unprecedented rates, we're witnessing the largest extraction of economic energy in human history."
https://satoshinotebook.com/inflation-is-a-problem,p,"The solution to this problem requires a fundamental reimagining of money - a system that doesn't bleed value, doesn't steal oxygen, and doesn't force its users into increasingly desperate attempts to preserve their economic energy. We need money that stores value rather than leaking it."
https://satoshinotebook.com/trust-is-a-problem,h3,The Trust Paradox
https://satoshinotebook.com/trust-is-a-problem,h3,The Pattern of Betrayal
https://satoshinotebook.com/trust-is-a-problem,h3,The False Choice
https://satoshinotebook.com/trust-is-a-problem,h3,The Property Problem
https://satoshinotebook.com/trust-is-a-problem,h3,The Inevitability
https://satoshinotebook.com/trust-is-a-problem,p,"Throughout history, every monetary system has shared one fatal flaw: the requirement to trust someone — a ruler, a bank, a government — not to abuse their power over money."
https://satoshinotebook.com/trust-is-a-problem,p,"Money requires trust to function, yet this very trust inevitably leads to its corruption. When you hold any form of money, you're trusting the issuer not to debase it, the custodian not to seize it, and the system not to collapse."
https://satoshinotebook.com/trust-is-a-problem,p,This pattern of monetary betrayal repeats throughout history:
https://satoshinotebook.com/trust-is-a-problem,p,"Authorities face a constant choice: either tax their citizens directly or print more money. History shows they inevitably choose the latter. Why? As Saylor explains, ""It's a lot easier to print money than it is to tax people."""
https://satoshinotebook.com/trust-is-a-problem,p,Consider these manifestations:
https://satoshinotebook.com/trust-is-a-problem,p,"When money requires trust, it fails as property. History shows us countless examples:"
https://satoshinotebook.com/trust-is-a-problem,p,"The problem isn't bad people — it's human nature combined with the power to create money. When given the ability to print money instead of collecting taxes, or to debase currency instead of defaulting on debt, humans invariably choose the easier path."
https://satoshinotebook.com/trust-is-a-problem,p,This brings us to a profound realization: we don't need better rulers or better rules — we need a monetary system that doesn't require trust in the first place.
https://satoshinotebook.com/broken-money,h3,The K-Shaped Reality
https://satoshinotebook.com/broken-money,h3,The Impossible Game
https://satoshinotebook.com/broken-money,h3,The Forced Gamble
https://satoshinotebook.com/broken-money,h3,The Global Scale
https://satoshinotebook.com/broken-money,h3,The Foundation Is Crumbling
https://satoshinotebook.com/broken-money,p,"Our current monetary system forces us to run exponentially faster just to stay in place, while real wealth drifts ever further out of reach."
https://satoshinotebook.com/broken-money,p,"We live in a world where Wall Street gets 30% richer doing nothing, while Main Street must work 30% harder just to maintain their position. This isn't a bug in the system - it's a feature. The current monetary paradigm systematically transfers wealth from the many to the few through a process most don't even understand."
https://satoshinotebook.com/broken-money,p,Consider these real-world examples from our current system:
https://satoshinotebook.com/broken-money,p,"This isn't just unfair - it's mathematically impossible for the majority to win. The system forces everyone to become a speculator, gambling in increasingly risky assets just to preserve their purchasing power."
https://satoshinotebook.com/broken-money,p,"Today's system forces even conservative savers into becoming unwilling speculators. An 83-year-old retiree must now guess whether Exxon is better than British Petroleum, or if Apple will outperform Google, just to avoid having their life savings evaporate."
https://satoshinotebook.com/broken-money,p,The choices are stark:
https://satoshinotebook.com/broken-money,p,"This isn't just an American problem. Globally, we see:"
https://satoshinotebook.com/broken-money,p,"The developing world serves as a preview of what happens when monetary systems fully break down. Without reliable money, entire societies can collapse into chaos."
https://satoshinotebook.com/broken-money,p,"Our current monetary system has turned the very foundation of civilization - sound money - into a game of musical chairs. When the music stops, those without access to hard assets or insider knowledge find themselves without a seat."
https://satoshinotebook.com/broken-money,p,We need a new foundation. We need money that:
https://satoshinotebook.com/decay,h3,Physical Decay
https://satoshinotebook.com/decay,h3,Environmental Decay
https://satoshinotebook.com/decay,h3,Trust Decay
https://satoshinotebook.com/decay,h3,Monetary Decay
https://satoshinotebook.com/decay,h3,Human Decay
https://satoshinotebook.com/decay,h3,The Quest for Perfect Storage
https://satoshinotebook.com/decay,h3,The Mathematical Solution
https://satoshinotebook.com/decay,h3,The Storage Imperative
https://satoshinotebook.com/decay,p,"if money is crystallized human energy, then storage becomes the paramount concern. every form of decay represents irretrievable loss of human life force. the search for perfect money is the search for perfect storage."
https://satoshinotebook.com/decay,p,the material world is in constant entropy:
https://satoshinotebook.com/decay,p,nature constantly erodes stored value:
https://satoshinotebook.com/decay,p,human systems inevitably degrade:
https://satoshinotebook.com/decay,p,fiat systems are designed to leak value:
https://satoshinotebook.com/decay,p,our own imperfections compromise storage:
https://satoshinotebook.com/decay,p,understanding money as energy crystallizes our requirements:
https://satoshinotebook.com/decay,p,bitcoin achieves perfect storage through pure mathematics:
https://satoshinotebook.com/decay,p,"if money is human life energy, then imperfect storage is more than inefficient - it's moral failure. every unit of value lost to decay represents irretrievable human effort, creativity, and time. the imperative to find perfect storage isn't just financial - it's ethical. bitcoin isn't just better money - it's better preservation of human life force."
https://satoshinotebook.com/perfect-storage,h3,The Storage Imperative
https://satoshinotebook.com/perfect-storage,h3,Beyond Half-Life
https://satoshinotebook.com/perfect-storage,h3,The Requirements
https://satoshinotebook.com/perfect-storage,h3,Mathematical Permanence
https://satoshinotebook.com/perfect-storage,h3,Energy Containment
https://satoshinotebook.com/perfect-storage,h3,The Perfect Vessel
https://satoshinotebook.com/perfect-storage,p,"perfect money requires perfect storage - a vessel for human energy that experiences no decay, exhibits no half-life, and preserves value with absolute fidelity across space and time."
https://satoshinotebook.com/perfect-storage,p,"if money is crystallized human energy, then any form of decay represents an unacceptable loss:"
https://satoshinotebook.com/perfect-storage,p,all traditional forms of value storage exhibit decay:
https://satoshinotebook.com/perfect-storage,p,perfect storage demands specific properties:
https://satoshinotebook.com/perfect-storage,p,the solution can only exist in the realm of pure mathematics:
https://satoshinotebook.com/perfect-storage,p,perfect storage must be absolute:
https://satoshinotebook.com/perfect-storage,p,"for the first time in history, we can achieve perfect storage of human energy - not through physical containment but through mathematical law. when money exists as pure number, governed by immutable code, secured by energy itself, it transcends the very concept of decay."
https://satoshinotebook.com/perfect-storage,p,"this is not just an improvement in money - it is the elimination of monetary entropy itself. like discovering a battery that never dies, a container that never leaks, we have found the perfect vessel for preserving human life force across time."
https://satoshinotebook.com/properties-of-truth,h3,Truth Is Egalitarian
https://satoshinotebook.com/properties-of-truth,h3,The Nature of Inflation
https://satoshinotebook.com/properties-of-truth,h3,Truth Is Trustless
https://satoshinotebook.com/properties-of-truth,h3,Truth Does Not Decay
https://satoshinotebook.com/properties-of-truth,h3,Truth Is Universal
https://satoshinotebook.com/properties-of-truth,h3,Perfect Monetary Truth
https://satoshinotebook.com/properties-of-truth,h3,Truth Is Good
https://satoshinotebook.com/properties-of-truth,p,"truth possesses immutable properties that transcend human systems - it is perfectly egalitarian, eternally constant, and requires no trust to be verified. these properties reveal why uneven systems like fiat money are fundamentally untrue."
https://satoshinotebook.com/properties-of-truth,p,truth shows itself equally to all consciousness:
https://satoshinotebook.com/properties-of-truth,p,the true problem of inflation is its inequality:
https://satoshinotebook.com/properties-of-truth,p,truth requires no intermediaries or authorities:
https://satoshinotebook.com/properties-of-truth,p,truth exists outside of time:
https://satoshinotebook.com/properties-of-truth,p,truth transcends all boundaries:
https://satoshinotebook.com/properties-of-truth,p,perfect money embodies these properties of truth:
https://satoshinotebook.com/properties-of-truth,p,aligning with truth is the optimal program for consciousness:
https://satoshinotebook.com/properties-of-truth,p,"bitcoin represents this alignment in the realm of money - the choice to build on truth rather than authority, on mathematical law rather than human judgment. it succeeds not because it is useful, but because it is true. and in a universe governed by mathematical law, truth is the ultimate advantage."
https://satoshinotebook.com/bitcoin-is-the-first-engineered-money,h3,The Innovation
https://satoshinotebook.com/bitcoin-is-the-first-engineered-money,h3,The Components
https://satoshinotebook.com/bitcoin-is-the-first-engineered-money,h3,The Network
https://satoshinotebook.com/bitcoin-is-the-first-engineered-money,h3,The Protocol
https://satoshinotebook.com/bitcoin-is-the-first-engineered-money,h3,The Revolution
https://satoshinotebook.com/bitcoin-is-the-first-engineered-money,p,"bitcoin is the world's first engineered monetary network - a breakthrough innovation combining cryptography, distributed systems, and game theory to create incorruptible digital scarcity and enable trustless value transfer."
https://satoshinotebook.com/bitcoin-is-the-first-engineered-money,p,"at its core, bitcoin solves the double-spending problem that had prevented digital scarcity for decades. through an elegant combination of cryptographic proof and economic incentives, it creates the first digital asset that cannot be copied or counterfeited:"
https://satoshinotebook.com/bitcoin-is-the-first-engineered-money,p,bitcoin's system consists of several key innovations working in harmony:
https://satoshinotebook.com/bitcoin-is-the-first-engineered-money,p,bitcoin operates as a peer-to-peer network where each participant plays a crucial role:
https://satoshinotebook.com/bitcoin-is-the-first-engineered-money,p,bitcoin's protocol defines the precise rules governing the network:
https://satoshinotebook.com/bitcoin-is-the-first-engineered-money,p,"bitcoin represents a fundamental breakthrough in computer science, economics, and human coordination. it creates digital scarcity without authority, enables value transfer without trust, and maintains consensus without control."
https://satoshinotebook.com/bitcoin-is-the-first-engineered-money,p,"this is not merely a new payment system or digital asset - it is the invention of incorruptible digital scarcity and the first truly neutral, open monetary network in human history. bitcoin solves the fundamental problem of establishing trust and facilitating value exchange between parties who neither know nor trust each other."
https://satoshinotebook.com/how-bitcoin-works,h3,Network Architecture
https://satoshinotebook.com/how-bitcoin-works,h3,The Blockchain
https://satoshinotebook.com/how-bitcoin-works,h3,Transactions
https://satoshinotebook.com/how-bitcoin-works,h3,Mining Process
https://satoshinotebook.com/how-bitcoin-works,h3,Cryptographic Foundations
https://satoshinotebook.com/how-bitcoin-works,h3,Network Consensus
https://satoshinotebook.com/how-bitcoin-works,h3,Economic Incentives
https://satoshinotebook.com/how-bitcoin-works,h3,Scripting System
https://satoshinotebook.com/how-bitcoin-works,h3,Network Propagation
https://satoshinotebook.com/how-bitcoin-works,h3,Security Model
https://satoshinotebook.com/how-bitcoin-works,p,"bitcoin is a decentralized network of computers running identical software, maintaining synchronized copies of a shared ledger through cryptographic proof and economic incentives."
https://satoshinotebook.com/how-bitcoin-works,p,bitcoin operates as a peer-to-peer network with specific roles:
https://satoshinotebook.com/how-bitcoin-works,p,all bitcoin transactions are recorded in a chain of cryptographically linked blocks:
https://satoshinotebook.com/how-bitcoin-works,p,bitcoin transactions are cryptographic structures:
https://satoshinotebook.com/how-bitcoin-works,p,miners secure the network through proof-of-work:
https://satoshinotebook.com/how-bitcoin-works,p,bitcoin relies on several cryptographic primitives:
https://satoshinotebook.com/how-bitcoin-works,p,nodes maintain consensus through specific rules:
https://satoshinotebook.com/how-bitcoin-works,p,the system aligns incentives for all participants:
https://satoshinotebook.com/how-bitcoin-works,p,bitcoin includes a simple but powerful scripting language:
https://satoshinotebook.com/how-bitcoin-works,p,information flows through the network efficiently:
https://satoshinotebook.com/how-bitcoin-works,p,bitcoin achieves security through multiple mechanisms:
https://satoshinotebook.com/how-bitcoin-works,p,"cryptographic proof makes transactions irreversible, economic incentives make honesty profitable, network consensus makes rules immutable, and proof-of-work makes attacks costly. this combination creates a system that is both theoretically sound and practically secure."
https://satoshinotebook.com/bitcoin-is-mathematical-truth,h3,Beyond Code
https://satoshinotebook.com/bitcoin-is-mathematical-truth,h3,Mathematical Consensus
https://satoshinotebook.com/bitcoin-is-mathematical-truth,h3,Code Is Law
https://satoshinotebook.com/bitcoin-is-mathematical-truth,h3,Perfect Verification
https://satoshinotebook.com/bitcoin-is-mathematical-truth,h3,The Mathematics of Freedom
https://satoshinotebook.com/bitcoin-is-mathematical-truth,h3,Eternal Constants
https://satoshinotebook.com/bitcoin-is-mathematical-truth,h3,Truth Above All
https://satoshinotebook.com/bitcoin-is-mathematical-truth,p,"bitcoin's code is not mere software - it is mathematical law expressed through programming language. like the laws of physics or the properties of prime numbers, its core truths are immutable, eternal, and beyond human manipulation."
https://satoshinotebook.com/bitcoin-is-mathematical-truth,p,bitcoin transcends traditional software:
https://satoshinotebook.com/bitcoin-is-mathematical-truth,p,bitcoin's truth is backed by rational minds:
https://satoshinotebook.com/bitcoin-is-mathematical-truth,p,bitcoin's rules are more than protocol:
https://satoshinotebook.com/bitcoin-is-mathematical-truth,p,every aspect of bitcoin can be mathematically proven:
https://satoshinotebook.com/bitcoin-is-mathematical-truth,p,bitcoin's mathematical nature ensures its independence:
https://satoshinotebook.com/bitcoin-is-mathematical-truth,p,bitcoin's fundamental properties are mathematical constants:
https://satoshinotebook.com/bitcoin-is-mathematical-truth,p,bitcoin succeeds because it aligns with eternal mathematical truth. it is not a human invention that can be improved or replaced - it is a mathematical discovery that can only be understood more deeply.
https://satoshinotebook.com/bitcoin-is-mathematical-truth,p,"this grounding in mathematical law makes bitcoin fundamentally different from all other tokens or currencies. it is not trying to be useful or profitable - it is simply expressing unchangeable mathematical truth. its success comes not from what it does, but from what it is: pure, immutable, mathematical reality."
https://satoshinotebook.com/the-discovery,h3,The Impossible Problem
https://satoshinotebook.com/the-discovery,h3,The Elegant Solution
https://satoshinotebook.com/the-discovery,h3,The Network Ballet
https://satoshinotebook.com/the-discovery,h3,The Emergent Properties
https://satoshinotebook.com/the-discovery,h3,The Decentralized Truth
https://satoshinotebook.com/the-discovery,h3,The Perpetual Motion Machine
https://satoshinotebook.com/the-discovery,p,Bitcoin represents one of the most profound technological breakthroughs in human history: the discovery of how to create absolute scarcity in the digital realm through trustless consensus.
https://satoshinotebook.com/the-discovery,p,"For decades, computer scientists believed it was impossible to create digital scarcity without a central authority. This was known as the Byzantine Generals Problem: how do you achieve consensus among distributed parties who don't trust each other, when some might be malicious?"
https://satoshinotebook.com/the-discovery,p,"Satoshi's breakthrough was realizing that you could combine several existing technologies in a novel way to create a self-sustaining, trustless system:"
https://satoshinotebook.com/the-discovery,p,"What makes Bitcoin truly revolutionary is how these fault-prone computers, scattered across the globe, come together to create something more reliable than any centralized system:"
https://satoshinotebook.com/the-discovery,p,From this elegant coordination emerge properties that were previously thought impossible in digital systems:
https://satoshinotebook.com/the-discovery,p,"Bitcoin achieves something unprecedented: it creates objective truth in the digital realm without requiring trust in any party. The network reaches consensus not through authority or voting, but through pure mathematics and economic incentives."
                                                                                                                                                                                                                                                                                                                                                                                                                                                                                                                                                                                                                                                                                                                                                                                                                                                                                                                                                                                                                                                                                                                                                                                                                                                                                                                                                                                                                                                                                                                                                                                                                                                                                                                                                                                                                                                                                                                                                                                                                                                                                                                                                                                                                                                                                                                                                                                                                                                                                                                                                                                                                                                                                                                                                                                                                                                                                                                                                                                                                                                                                                                          https://satoshinotebook.com/the-discovery,p,"This system is antifragile - it doesn't just resist attacks, it grows stronger from them. Each attempted attack proves the system's resilience and increases confidence in its security model."
https://satoshinotebook.com/the-discovery,p,"Bitcoin is like a perpetual motion machine for value transfer. Once started, it can run forever without requiring trust in any individual or institution. The system's incentives ensure that honest behavior is always more profitable than dishonest behavior."
https://satoshinotebook.com/bitcoins-immaculate-conception,h3,The Gift of Disappearance
https://satoshinotebook.com/bitcoins-immaculate-conception,h3,Discovery vs Invention
https://satoshinotebook.com/bitcoins-immaculate-conception,h3,The Digital Commodity
https://satoshinotebook.com/bitcoins-immaculate-conception,h3,The Unrepeatable Moment
https://satoshinotebook.com/bitcoins-immaculate-conception,h3,The Securities Distinction
https://satoshinotebook.com/bitcoins-immaculate-conception,p,"Bitcoin isn't just the first cryptocurrency - it's fundamentally different from all others. It represents a discovery rather than an invention, emerging through an immaculate conception that can never be replicated."
https://satoshinotebook.com/bitcoins-immaculate-conception,p,"The most important thing Satoshi did wasn't creating Bitcoin - it was disappearing. By stepping away and never moving their coins, Satoshi gave Bitcoin something unique: true ownerlessness. No other cryptocurrency can make this claim."
https://satoshinotebook.com/bitcoins-immaculate-conception,p,"Other cryptocurrencies are inventions - deliberate creations with specific creators, foundations, and profit motives. Bitcoin, in contrast, is more akin to a discovery - like fire or mathematics. It emerged as a fundamental truth about how humans can coordinate value transfer without trust."
https://satoshinotebook.com/bitcoins-immaculate-conception,p,"Bitcoin's unique emergence gives it a special status: it is the first and only true digital commodity. Like physical commodities such as gold, it exists independently of any issuer or controlling authority."
https://satoshinotebook.com/bitcoins-immaculate-conception,p,"Bitcoin's emergence represents an unrepeatable moment in human history. Like the discovery of fire or the invention of the wheel, it can only happen once. All subsequent cryptocurrencies, regardless of their technical merits, are fundamentally different because they emerged into a world where Bitcoin already existed."
https://satoshinotebook.com/bitcoins-immaculate-conception,p,This isn't just about being first - it's about the conditions of emergence:
https://satoshinotebook.com/bitcoins-immaculate-conception,p,"Other cryptocurrencies, despite their claims, function more like traditional securities. They have:"
https://satoshinotebook.com/bitcoins-immaculate-conception,p,This fundamental difference means Bitcoin stands alone in its regulatory and philosophical position. It can't be replaced by any issuer-backed currency because its core value proposition is precisely that it has no issuer.
https://satoshinotebook.com/the-emergent-hyperspace,h3,The Nature of Emergence
https://satoshinotebook.com/the-emergent-hyperspace,h3,The Hyperspace Layer
https://satoshinotebook.com/the-emergent-hyperspace,h3,The De-Risked Reality
https://satoshinotebook.com/the-emergent-hyperspace,h3,The Evolutionary Leap
https://satoshinotebook.com/the-emergent-hyperspace,h3,The Perfect Imperfection
https://satoshinotebook.com/the-emergent-hyperspace,p,"Bitcoin exists as an emergent phenomenon in hyperspace, transcending the physical limitations of its individual components to create something far greater than the sum of its parts."
https://satoshinotebook.com/the-emergent-hyperspace,p,"What makes Bitcoin truly revolutionary is not just its individual components, but how they combine to create something that exists beyond physical space. Like consciousness emerging from neurons, or life emerging from chemistry, Bitcoin emerges from the intersubjective space between multiple fault-prone computers."
https://satoshinotebook.com/the-emergent-hyperspace,p,Bitcoin exists in the same hyperspace as the internet itself - a realm of pure information and protocol that transcends physical constraints. This is Satoshi's true genius: creating a system where imperfect physical components give rise to a perfect digital reality.
https://satoshinotebook.com/the-emergent-hyperspace,p,"By existing in hyperspace, Bitcoin achieves something unprecedented: true independence from physical risk. Just as you can't ""turn off"" the concept of email or destroy the idea of TCP/IP, you can't eliminate Bitcoin because it exists as an emergent protocol rather than a physical entity."
https://satoshinotebook.com/the-emergent-hyperspace,p,"This emergence into hyperspace represents an evolutionary leap in how humans organize value. Previous forms of money were bound by physical limitations - gold's weight, cash's physical form, or electronic money's dependence on specific infrastructure."
https://satoshinotebook.com/the-emergent-hyperspace,p,Bitcoin transcends these limitations by existing as pure protocol - an immortal idea manifested through voluntary participation in a shared truth.
https://satoshinotebook.com/the-emergent-hyperspace,p,"The beauty of Bitcoin's design lies in how it achieves perfect reliability through imperfect components. Each individual node or miner might fail, but the emergent system continues unaffected, much like how individual neurons can die without affecting consciousness itself."
https://satoshinotebook.com/bitcoin-is-sound-money,h3,The Properties of Sound Money
https://satoshinotebook.com/bitcoin-is-sound-money,h3,Perfect Monetary Properties
https://satoshinotebook.com/bitcoin-is-sound-money,h3,The Network Effect
https://satoshinotebook.com/bitcoin-is-sound-money,h3,Digital Energy
https://satoshinotebook.com/bitcoin-is-sound-money,h3,The Sound Money Revolution
https://satoshinotebook.com/bitcoin-is-sound-money,p,"bitcoin is the perfection of money as pure energy - where mathematical law replaces human trust, and immutable code enforces sound monetary properties."
https://satoshinotebook.com/bitcoin-is-sound-money,p,"for money to effectively store human energy, it must possess specific properties. bitcoin achieves these properties not through policy or promise, but through mathematical law and cryptographic proof."
https://satoshinotebook.com/bitcoin-is-sound-money,p,"bitcoin's properties emerge from mathematics rather than policy. they cannot be changed, corrupted, or circumvented. this makes bitcoin the first example of perfect monetary properties in history:"
https://satoshinotebook.com/bitcoin-is-sound-money,p,"bitcoin's strength comes not just from its properties, but from its network of users and validators. each new participant strengthens the network, creating a virtuous cycle of adoption and security."
https://satoshinotebook.com/bitcoin-is-sound-money,p,"bitcoin is not just another form of money - it is the digitization of monetary energy itself. when you hold bitcoin, you are holding pure monetary energy in digital form:"
https://satoshinotebook.com/bitcoin-is-sound-money,p,sound money is not just about storing value - it is about preserving the fundamental relationship between human energy and stored value. bitcoin achieves this through an unbreakable chain of mathematical proofs.
https://satoshinotebook.com/bitcoin-is-sound-money,p,"for the first time in history, we have money that perfectly captures, preserves, and transmits human energy without loss or corruption. bitcoin is not just sound money - it is the soundest money ever invented."
https://satoshinotebook.com/bitcoin-is-indestructible,h3,The Immortality of Information
https://satoshinotebook.com/bitcoin-is-indestructible,h3,The Network Never Forgets
https://satoshinotebook.com/bitcoin-is-indestructible,h3,Beyond Physical Constraints
https://satoshinotebook.com/bitcoin-is-indestructible,h3,The Persistence of Truth
https://satoshinotebook.com/bitcoin-is-indestructible,h3,Perfect Preservation
https://satoshinotebook.com/bitcoin-is-indestructible,p,"in bitcoin, durability transcends the physical. bits don't degrade, code doesn't rust, and mathematical truth persists eternally - creating the first truly immortal vessel for human value. Bitcoin is indestructible insofar as humankind is indestructible."
https://satoshinotebook.com/bitcoin-is-indestructible,p,"physical objects inevitably decay. gold tarnishes, paper money tears, coins wear down. but information - pure, digital information - exists in a realm beyond physical degradation. when properly preserved and replicated, it becomes immortal."
https://satoshinotebook.com/bitcoin-is-indestructible,p,"bitcoin's durability comes not from any single point, but from the collective memory of thousands of nodes. each one maintains a complete copy of the ledger, creating a network of redundancy that approaches perfection."
https://satoshinotebook.com/bitcoin-is-indestructible,p,"traditional money must be physically protected - stored in vaults, guarded by security, protected from elements. bitcoin inverts this completely: its security comes from radical transparency and ubiquitous replication rather than physical barriers."
https://satoshinotebook.com/bitcoin-is-indestructible,p,"at its core, bitcoin's durability comes from the immutable nature of mathematical truth. once a transaction is confirmed, it becomes a permanent part of a cryptographic chain that cannot be altered without rebuilding the entire history of proof-of-work."
https://satoshinotebook.com/bitcoin-is-indestructible,p,"bitcoin achieves durability not through resistance to physical decay, but by moving value into a realm where physical decay is meaningless. it is the first money that can theoretically last forever, unchanged and untarnished by the passage of time."
https://satoshinotebook.com/bitcoin-is-indestructible,p,this perfect preservation of value is not just a technical feature - it is a fundamental revolution in humanity's ability to store and transmit value across time. bitcoin is not just durable money; it is eternally durable money.
https://satoshinotebook.com/bitcoin-is-portable,h3,The Speed of Value
https://satoshinotebook.com/bitcoin-is-portable,h3,Beyond Physical Boundaries
https://satoshinotebook.com/bitcoin-is-portable,h3,Perfect Teleportation
https://satoshinotebook.com/bitcoin-is-portable,h3,The Network as Medium
https://satoshinotebook.com/bitcoin-is-portable,h3,The Death of Distance
https://satoshinotebook.com/bitcoin-is-portable,p,"bitcoin moves at the speed of light - instant value transfer across any distance, unrestricted by physical boundaries or human intermediaries."
https://satoshinotebook.com/bitcoin-is-portable,p,"throughout history, moving value has meant moving physical objects - gold, coins, paper. even in our digital age, traditional money still crawls through layers of legacy systems and human intermediaries. bitcoin changes this fundamentally."
https://satoshinotebook.com/bitcoin-is-portable,p,"physical money is constrained by borders, regulations, and geography. it must be physically transported, counted, verified, and secured at every step. bitcoin transcends these limitations entirely:"
https://satoshinotebook.com/bitcoin-is-portable,p,"bitcoin achieves what alchemists dreamed of - the instant teleportation of value. a million dollars in bitcoin moves exactly as fast as a single satoshi, costs the same to transfer, and requires no more effort to secure or verify."
https://satoshinotebook.com/bitcoin-is-portable,p,bitcoin's portability comes from its nature as a network protocol rather than a physical or institutional system. value moves through the bitcoin network like light through fiber optics - pure information flowing through pure protocol.
https://satoshinotebook.com/bitcoin-is-portable,p,"when value moves at the speed of light, the concept of financial distance dies. there is no ""international transfer"" in bitcoin - only transactions. there is no ""wire time"" - only block confirmations. there is no ""correspondent banking"" - only peer-to-peer protocol."
https://satoshinotebook.com/bitcoin-is-portable,p,"this elimination of financial geography represents a quantum leap in human cooperation. when value can move instantly and freely anywhere, the world becomes a single, unified financial space. bitcoin isn't just portable money - it is the complete liberation of value from physical constraints."
https://satoshinotebook.com/bitcoin-is-divisible,h3,The Anatomy of a Bitcoin
https://satoshinotebook.com/bitcoin-is-divisible,h3,Beyond Physical Limitations
https://satoshinotebook.com/bitcoin-is-divisible,h3,The Power of Precision
https://satoshinotebook.com/bitcoin-is-divisible,h3,Future-Proof Scaling
https://satoshinotebook.com/bitcoin-is-divisible,h3,Perfect Granularity
https://satoshinotebook.com/bitcoin-is-divisible,p,"bitcoin achieves perfect divisibility - from whole units down to atomic particles of value, enabling infinite precision in the expression of worth."
https://satoshinotebook.com/bitcoin-is-divisible,p,"each bitcoin can be divided into 100 million units called satoshis. but unlike the arbitrary divisions of traditional currencies, bitcoin's divisibility is mathematical, precise, and infinitely expandable if needed."
https://satoshinotebook.com/bitcoin-is-divisible,p,"physical money is constrained by practical limits of division - you can't cut a gold coin into infinite pieces, and even digital fiat is limited by arbitrary decimal places. bitcoin transcends these limitations entirely:"
https://satoshinotebook.com/bitcoin-is-divisible,p,"bitcoin's divisibility enables new forms of economic interaction. micropayments become truly micro, value can be sliced with surgical precision, and economic activity can be quantified at previously impossible scales."
https://satoshinotebook.com/bitcoin-is-divisible,p,"as bitcoin's value grows, its divisibility becomes increasingly important. the ability to transact in ever-smaller units ensures that bitcoin can scale to any value while remaining usable for even the smallest transactions."
https://satoshinotebook.com/bitcoin-is-divisible,p,"bitcoin's divisibility represents the perfection of monetary precision. it enables value to be expressed with exactly the granularity needed, no more and no less, without the constraints of physical form or arbitrary limitation."
https://satoshinotebook.com/bitcoin-is-divisible,p,"this perfect divisibility is not just a technical feature - it is a fundamental requirement for money in the digital age. as the world becomes increasingly digital and automated, the ability to divide value with absolute precision becomes not just useful but essential."
https://satoshinotebook.com/bitcoin-is-fungible,h3,Mathematical Equivalence
https://satoshinotebook.com/bitcoin-is-fungible,h3,The Real World Interface
https://satoshinotebook.com/bitcoin-is-fungible,h3,The Privacy Paradox
https://satoshinotebook.com/bitcoin-is-fungible,h3,Solutions and Developments
https://satoshinotebook.com/bitcoin-is-fungible,h3,Looking Forward
https://satoshinotebook.com/bitcoin-is-fungible,p,"at the protocol level, every bitcoin unit is mathematically identical - one satoshi equals one satoshi, always and everywhere. yet this mathematical fungibility exists in tension with real-world constraints."
https://satoshinotebook.com/bitcoin-is-fungible,p,"in the eyes of the bitcoin protocol, every satoshi is identical. the network makes no distinction between units - they are pure mathematical objects, interchangeable by definition, like identical atoms in an element."
https://satoshinotebook.com/bitcoin-is-fungible,p,"while bitcoin units are mathematically fungible, their interaction with the real world creates complexity. just as clean water can become marked by its container, bitcoin can be marked by its history:"
https://satoshinotebook.com/bitcoin-is-fungible,p,"bitcoin's transparent ledger creates a paradox - the very feature that ensures its integrity also challenges its fungibility. each unit's entire history is publicly visible, creating the potential for discrimination based on past ownership or use."
https://satoshinotebook.com/bitcoin-is-fungible,p,the bitcoin ecosystem is developing solutions to enhance practical fungibility without compromising the network's fundamental properties:
https://satoshinotebook.com/bitcoin-is-fungible,p,"bitcoin's fungibility exists on multiple levels - perfect at the protocol level, challenged at the interface level, and evolving at the practical level. understanding this complexity is crucial for bitcoin's development as sound money."
https://satoshinotebook.com/bitcoin-is-fungible,p,the future of bitcoin's fungibility will likely be determined by how we resolve this tension between mathematical purity and real-world implementation. the goal is to bring practical fungibility closer to the perfect mathematical fungibility that already exists at the protocol level.
https://satoshinotebook.com/bitcoin-is-transparent,h3,The Glass Ledger
https://satoshinotebook.com/bitcoin-is-transparent,h3,Trust Through Verification
https://satoshinotebook.com/bitcoin-is-transparent,h3,Privacy Through Pseudonymity
https://satoshinotebook.com/bitcoin-is-transparent,h3,The End of Financial Opacity
https://satoshinotebook.com/bitcoin-is-transparent,h3,Perfect Accountability
https://satoshinotebook.com/bitcoin-is-transparent,p,"bitcoin creates radical transparency through perfect information - a global ledger where every transaction is visible, verifiable, and permanent."
https://satoshinotebook.com/bitcoin-is-transparent,p,"for the first time in history, we have a monetary system where every transaction is visible to all participants. the blockchain is a perfect mirror of economic reality - reflecting every movement of value with crystalline clarity."
https://satoshinotebook.com/bitcoin-is-transparent,p,"bitcoin replaces blind trust with cryptographic proof. instead of relying on authorities to maintain honest records, every participant can independently verify the entire history of transactions:"
https://satoshinotebook.com/bitcoin-is-transparent,p,"bitcoin's transparency exists in perfect balance with privacy. while all transactions are visible, they are tied to addresses rather than identities - creating a system of pseudonymous transparency that protects individual privacy while ensuring systemic honesty."
https://satoshinotebook.com/bitcoin-is-transparent,p,traditional financial systems are black boxes of complexity and trust. bitcoin transforms this completely:
https://satoshinotebook.com/bitcoin-is-transparent,p,"bitcoin's transparency creates a new kind of economic accountability. when every transaction is visible and permanent, trust becomes a function of mathematics rather than authority."
https://satoshinotebook.com/bitcoin-is-transparent,p,"this radical transparency represents more than just technological innovation - it is the foundation for a new kind of financial system. one where truth is guaranteed by code, verification is available to all, and trust is established through perfect information rather than institutional authority."
https://satoshinotebook.com/bitcoin-is-verifiable,h3,The Chain of Truth
https://satoshinotebook.com/bitcoin-is-verifiable,h3,Cryptographic Certainty
https://satoshinotebook.com/bitcoin-is-verifiable,h3,Universal Verification
https://satoshinotebook.com/bitcoin-is-verifiable,h3,The Death of Trust
https://satoshinotebook.com/bitcoin-is-verifiable,h3,Perfect Verification
https://satoshinotebook.com/bitcoin-is-verifiable,p,"bitcoin replaces trust with proof - where every transaction, every block, and every state change is mathematically verified by all participants in real-time."
https://satoshinotebook.com/bitcoin-is-verifiable,p,"in traditional systems, truth is determined by authority. in bitcoin, truth is determined by mathematics. every transaction is cryptographically signed, every block is cryptographically linked, and every state change is cryptographically proven."
https://satoshinotebook.com/bitcoin-is-verifiable,p,bitcoin achieves verification through an interlocking system of cryptographic proofs that make deception mathematically impossible:
https://satoshinotebook.com/bitcoin-is-verifiable,p,"bitcoin's genius lies in making verification both universal and mandatory. every participant verifies everything, creating a network of interlocking certainty that makes fraud impossible without breaking mathematics itself."
https://satoshinotebook.com/bitcoin-is-verifiable,p,verifiability eliminates the need for trust in financial transactions:
https://satoshinotebook.com/bitcoin-is-verifiable,p,"bitcoin's verifiability creates a new paradigm in human coordination. when every claim can be proven, every transaction can be verified, and every state change can be validated, we move from a trust-based to a proof-based system of value exchange."
https://satoshinotebook.com/bitcoin-is-verifiable,p,"this shift from trust to proof represents more than just technological innovation - it is the foundation for a new kind of human cooperation. one where mathematical certainty replaces human fallibility, and where truth is guaranteed by code rather than promised by authority."
https://satoshinotebook.com/bitcoin-is-scarce,h3,The Invention of Scarcity
https://satoshinotebook.com/bitcoin-is-scarce,h3,"The Perfect Number: 21,000,000"
https://satoshinotebook.com/bitcoin-is-scarce,h3,Mathematical Guarantee
https://satoshinotebook.com/bitcoin-is-scarce,h3,Beyond Human Control
https://satoshinotebook.com/bitcoin-is-scarce,h3,The Scarcity Revolution
https://satoshinotebook.com/bitcoin-is-scarce,p,"bitcoin achieves the impossible: absolute scarcity in the digital realm - where 21 million becomes an immutable constant of the universe, enforced by mathematical law."
https://satoshinotebook.com/bitcoin-is-scarce,p,"before bitcoin, digital scarcity was impossible. anything digital could be copied infinitely, making true digital value impossible. bitcoin solved this through a revolutionary combination of cryptography, game theory, and distributed consensus."
https://satoshinotebook.com/bitcoin-is-scarce,p,"the 21 million supply cap is not just a number - it is a fundamental constant of the bitcoin universe. like the speed of light in physics, it represents an absolute limit that cannot be violated without breaking the system itself."
https://satoshinotebook.com/bitcoin-is-scarce,p,bitcoin's scarcity isn't maintained by policy or promise - it is enforced by pure mathematics. the supply cap is woven into the very fabric of the protocol:
https://satoshinotebook.com/bitcoin-is-scarce,p,"traditional forms of money are subject to human control and manipulation. their supply can be increased at will, diluting their scarcity. bitcoin transcends this entirely:"
https://satoshinotebook.com/bitcoin-is-scarce,p,"bitcoin's absolute scarcity represents a fundamental break from all previous forms of money. gold can be mined or asteroids harvested, fiat can be printed, but bitcoin's supply is forever fixed at 21 million."
https://satoshinotebook.com/bitcoin-is-scarce,p,"this perfect, immutable scarcity creates a new paradigm in human value storage. for the first time, we have an asset whose supply schedule is completely predictable and absolutely unchangeable from now until the end of time - a true constant in an uncertain universe."
https://satoshinotebook.com/bitcoin-is-impartial,h3,The Death of Privilege
https://satoshinotebook.com/bitcoin-is-impartial,h3,Code as Law
https://satoshinotebook.com/bitcoin-is-impartial,h3,Perfect Equality
https://satoshinotebook.com/bitcoin-is-impartial,h3,Beyond Human Bias
https://satoshinotebook.com/bitcoin-is-impartial,h3,The Impartial Revolution
https://satoshinotebook.com/bitcoin-is-impartial,p,"bitcoin achieves perfect equality through pure mathematics - where code enforces rules without favor, and protocol treats all participants with absolute impartiality."
https://satoshinotebook.com/bitcoin-is-impartial,p,"traditional financial systems are built on privilege - where access, rights, and rules vary based on status, wealth, or connection. bitcoin eliminates this entirely through mathematical law that applies equally to all."
https://satoshinotebook.com/bitcoin-is-impartial,p,bitcoin's impartiality comes from replacing human judgment with mathematical rules. these rules are:
https://satoshinotebook.com/bitcoin-is-impartial,p,bitcoin creates a level playing field unprecedented in financial history. every aspect of the system enforces absolute equality:
https://satoshinotebook.com/bitcoin-is-impartial,p,"traditional systems inevitably reflect human biases, preferences, and politics. bitcoin transcends these limitations entirely:"
https://satoshinotebook.com/bitcoin-is-impartial,p,"bitcoin's impartiality represents a fundamental breakthrough in human coordination. for the first time, we have a financial system that operates with truly perfect fairness - where rules are enforced by mathematics rather than authority."
https://satoshinotebook.com/bitcoin-is-impartial,p,"this mathematical equality creates a new paradigm for human interaction. when every participant is truly equal under the protocol, when every transaction follows exactly the same rules, and when no entity can receive special treatment, we achieve a level of fairness that was previously impossible in human systems."
https://satoshinotebook.com/bitcoin-is-immutable,h3,The Death of Authority
https://satoshinotebook.com/bitcoin-is-immutable,h3,Code Cast in Stone
https://satoshinotebook.com/bitcoin-is-immutable,h3,Beyond Human Reach
https://satoshinotebook.com/bitcoin-is-immutable,h3,Perfect Perpetuation
https://satoshinotebook.com/bitcoin-is-immutable,h3,The Eternal Chain
https://satoshinotebook.com/bitcoin-is-immutable,p,"bitcoin crystallizes rules into mathematical law - creating the first system in human history where the rules themselves are truly immutable, forever beyond the reach of power and authority."
https://satoshinotebook.com/bitcoin-is-immutable,p,"throughout history, all rules were subject to change by those with enough power. constitutions could be amended, laws could be rewritten, protocols could be updated. bitcoin shatters this paradigm completely."
https://satoshinotebook.com/bitcoin-is-immutable,p,"bitcoin's core rules exist in a state of perfect immutability, enforced by the mathematical consensus of thousands of independent nodes:"
https://satoshinotebook.com/bitcoin-is-immutable,p,"traditional systems can always be changed if enough power is applied - monetary policy can shift, gold can be confiscated, protocols can be updated. bitcoin transcends this vulnerability entirely through mathematical law."
https://satoshinotebook.com/bitcoin-is-immutable,p,bitcoin achieves perpetual immutability through an interlocking system of incentives and mathematics:
https://satoshinotebook.com/bitcoin-is-immutable,p,"bitcoin's immutability represents a fundamental break from all previous human systems. its rules are not protected by armies, courts, or institutions - they are protected by mathematics itself."
https://satoshinotebook.com/bitcoin-is-immutable,p,"this transformation of rules from human constructs to mathematical constants creates an entirely new foundation for human coordination. in bitcoin, we finally have a system where the rules themselves transcend the realm of human manipulation, becoming as fixed and eternal as the stars."
https://satoshinotebook.com/bitcoin-is-transferable,h3,The Metaphysics of Value
https://satoshinotebook.com/bitcoin-is-transferable,h3,Cross-Domain Existence
https://satoshinotebook.com/bitcoin-is-transferable,h3,The Death of Boundaries
https://satoshinotebook.com/bitcoin-is-transferable,h3,Eternal Accessibility
https://satoshinotebook.com/bitcoin-is-transferable,h3,The Universal Medium
https://satoshinotebook.com/bitcoin-is-transferable,p,"bitcoin transcends the boundaries between all domains of existence - existing simultaneously in physical reality, digital space, and across time itself, creating the first form of value that can exist, move and function seamlessly between multiple realms of reality."
https://satoshinotebook.com/bitcoin-is-transferable,p,"traditional forms of value are confined to single domains - physical gold exists only in material space, fiat money is bound to specific jurisdictions and eras, digital assets are trapped in their virtual realms. bitcoin shatters these limitations entirely."
https://satoshinotebook.com/bitcoin-is-transferable,p,bitcoin is the first entity in history that can exist and function perfectly across every conceptual domain:
https://satoshinotebook.com/bitcoin-is-transferable,p,"bitcoin's transferability comes from its nature as pure mathematical truth. like the concept of prime numbers or the value of pi, it exists independently of any particular medium or realm."
https://satoshinotebook.com/bitcoin-is-transferable,p,bitcoin's transferability extends beyond space into time itself:
https://satoshinotebook.com/bitcoin-is-transferable,p,"bitcoin's ability to exist across all domains makes it the first truly universal form of value. it bridges not just different spaces and times, but different modes of existence itself."
https://satoshinotebook.com/bitcoin-is-transferable,p,"this transcendent transferability creates something entirely new - a form of value that exists wherever computation is possible, whenever mathematics is understood, and however humanity chooses to interface with it. bitcoin isn't just money that works everywhere - it is money that exists everywhere, in every way that existence itself can be defined."
https://satoshinotebook.com/bitcoin-is-weightless,h3,The Art of Disappearance
https://satoshinotebook.com/bitcoin-is-weightless,h3,Silent Perfection
https://satoshinotebook.com/bitcoin-is-weightless,h3,The Weight of Money
https://satoshinotebook.com/bitcoin-is-weightless,h3,Infrastructure of Peace
https://satoshinotebook.com/bitcoin-is-weightless,h3,The Sound of Silence
https://satoshinotebook.com/bitcoin-is-weightless,p,"bitcoin achieves the ultimate state of perfect money - complete disappearance into the fabric of reality, operating with the silent perfection of breath, requiring no more thought than the beating of your heart."
https://satoshinotebook.com/bitcoin-is-weightless,p,"perfect systems fade from consciousness. you don't think about your pancreas when it works, don't notice your eyes while they see, don't feel your heart while it beats. money, at its best, should achieve this same invisible perfection."
https://satoshinotebook.com/bitcoin-is-weightless,p,"in the fiat world, money demands constant attention - its instability forces awareness. but bitcoin operates with the quiet reliability of natural law:"
https://satoshinotebook.com/bitcoin-is-weightless,p,"traditional money is heavy - it weighs on the mind, burdens the spirit, demands constant vigilance. bitcoin removes this weight entirely through mathematical certainty and protocol-level reliability."
https://satoshinotebook.com/bitcoin-is-weightless,p,"like perfect infrastructure, bitcoin creates calm through reliability:"
https://satoshinotebook.com/bitcoin-is-weightless,p,"the true measure of bitcoin's success is not in its price or adoption, but in its ability to fade completely from consciousness - to become as invisible as oxygen, as unfelt as health, as unnoticed as perfection."
https://satoshinotebook.com/bitcoin-is-weightless,p,"this weightlessness represents money's final evolution - from a constant source of worry and attention to an invisible force that simply works. like the best technology, bitcoin's ultimate achievement is to disappear completely, leaving only the pure experience of effortless value exchange in its wake."
https://satoshinotebook.com/bitcoin-is-pure,h3,The Death of Matter
https://satoshinotebook.com/bitcoin-is-pure,h3,Pure Abstraction
https://satoshinotebook.com/bitcoin-is-pure,h3,The Essence of Value
https://satoshinotebook.com/bitcoin-is-pure,h3,Beyond Phenomenon
https://satoshinotebook.com/bitcoin-is-pure,h3,Perfect Abstraction
https://satoshinotebook.com/bitcoin-is-pure,p,"bitcoin achieves perfect phenomenological purity - stripped of all material properties, existing purely as mathematical truth, untethered from physical form or specific utility."
https://satoshinotebook.com/bitcoin-is-pure,p,"all previous forms of money were bound to physical reality - gold's atomic structure, silver's material properties, paper's physical form. even digital fiat remains tethered to the material world through institutional infrastructure and physical backing."
https://satoshinotebook.com/bitcoin-is-pure,p,bitcoin achieves a state of perfect phenomenological reduction - stripped of all accidental properties until only pure essence remains:
https://satoshinotebook.com/bitcoin-is-pure,p,"gold's value is complicated by its utility in electronics, diamonds by their use in industry, every physical store of value by its material properties. bitcoin exists as pure, unalloyed value:"
https://satoshinotebook.com/bitcoin-is-pure,p,bitcoin's purity creates unique properties in consciousness:
https://satoshinotebook.com/bitcoin-is-pure,p,"in stripping away all material properties, all physical manifestation, all specific utility, bitcoin achieves something unprecedented - perfect phenomenological purity. it exists in the realm of pure mathematics, pure concept, pure truth."
https://satoshinotebook.com/bitcoin-is-pure,p,"this transcendence of materiality creates the first truly pure vehicle for value in human history. like mathematics itself, bitcoin exists in a realm beyond physical reality - a pure abstraction that paradoxically enables perfect concrete function."
https://satoshinotebook.com/bitcoin-is-orthogonal,h3,The Perpendicular Plane
https://satoshinotebook.com/bitcoin-is-orthogonal,h3,Pure Financial Ontology
https://satoshinotebook.com/bitcoin-is-orthogonal,h3,The Point of Intersection
https://satoshinotebook.com/bitcoin-is-orthogonal,h3,Freedom from Physical Utility
https://satoshinotebook.com/bitcoin-is-orthogonal,h3,The Monetary Dimension
https://satoshinotebook.com/bitcoin-is-orthogonal,p,"bitcoin achieves perfect monetary existence by standing completely orthogonal to physical reality - pure in its financial ontology, untangled from real-world utility, intersecting with physical existence only at the point of value transfer."
https://satoshinotebook.com/bitcoin-is-orthogonal,p,"traditional forms of money are entangled with physical reality - gold serves industry, commodities have utility, fiat requires infrastructure. this entanglement corrupts their monetary essence. bitcoin exists on an entirely different plane."
https://satoshinotebook.com/bitcoin-is-orthogonal,p,bitcoin achieves perfect monetary existence by focusing solely on its role as money:
https://satoshinotebook.com/bitcoin-is-orthogonal,p,"while everything else in the world exists primarily in physical reality with monetary properties added on, bitcoin inverts this completely:"
https://satoshinotebook.com/bitcoin-is-orthogonal,p,bitcoin's orthogonality creates unique properties never before seen in money:
https://satoshinotebook.com/bitcoin-is-orthogonal,p,"in standing perpendicular to physical reality, bitcoin reveals the true nature of money - that it exists in its own dimension, separate from the physical world it helps coordinate."
https://satoshinotebook.com/bitcoin-is-orthogonal,p,"this perfect orthogonality is not a bug but a feature - it allows bitcoin to serve its monetary function with absolute purity, untainted by the compromises that come from serving multiple purposes. in being nothing but money, it becomes perfect money."
https://satoshinotebook.com/bitcoin-is-an-exit,h3,Beyond Investment
https://satoshinotebook.com/bitcoin-is-an-exit,h3,The Great Escape
https://satoshinotebook.com/bitcoin-is-an-exit,h3,Freedom from the Game
https://satoshinotebook.com/bitcoin-is-an-exit,h3,The Path to Sovereignty
https://satoshinotebook.com/bitcoin-is-an-exit,h3,The True Nature of Exit
https://satoshinotebook.com/bitcoin-is-an-exit,p,"bitcoin is not another investment within the system - it is the exit from the system itself. it is not a means of playing the game better, but a way to opt out of the game entirely."
https://satoshinotebook.com/bitcoin-is-an-exit,p,"the traditional financial system traps us in an endless cycle of speculation - constantly searching for yield, chasing returns, trying to outrun inflation. viewing bitcoin as just another investment misses its true power entirely."
https://satoshinotebook.com/bitcoin-is-an-exit,p,bitcoin provides an exit from:
https://satoshinotebook.com/bitcoin-is-an-exit,p,"traditional investing is a game we are forced to play - our savings held hostage by inflation, requiring us to seek increasingly risky returns just to stay in place. bitcoin changes this completely:"
https://satoshinotebook.com/bitcoin-is-an-exit,p,bitcoin enables true financial sovereignty:
https://satoshinotebook.com/bitcoin-is-an-exit,p,"to view bitcoin as an investment is to remain mentally trapped in the old system - thinking in terms of returns, gains, and profit. bitcoin represents something far more profound: a complete paradigm shift in how we relate to money itself."
https://satoshinotebook.com/bitcoin-is-an-exit,p,"this is not about getting rich within their system. it is about getting free from their system. bitcoin is not an investment to generate returns - it is an exit to preserve sovereignty, an escape hatch from a game that was rigged from the start."
https://satoshinotebook.com/the-myth-of-intrinsic-value,h3,The Fallacy of Gold
https://satoshinotebook.com/the-myth-of-intrinsic-value,h3,The Utility Paradox
https://satoshinotebook.com/the-myth-of-intrinsic-value,h3,The Truth About Sound Money
https://satoshinotebook.com/the-myth-of-intrinsic-value,h3,Bitcoin's Pure Approach
https://satoshinotebook.com/the-myth-of-intrinsic-value,h3,The Medium vs The Value
https://satoshinotebook.com/the-myth-of-intrinsic-value,h3,True Universal Value
https://satoshinotebook.com/the-myth-of-intrinsic-value,p,True intrinsic value can only exist in what is universally interoperable between the minds of all rational actors - everything else is merely ascribed value.
https://satoshinotebook.com/the-myth-of-intrinsic-value,p,"Gold is often held up as having intrinsic value, but this is a fundamental misunderstanding. Gold's value is largely usurpation value - value that someone else tries to impose on us through the argument ""you ought to see this as valuable."""
https://satoshinotebook.com/the-myth-of-intrinsic-value,p,"If real-world utility determined monetary value, why aren't wheels or fire used as stores of value? These inventions arguably provided more utility to human civilization than any piece of gold. This paradox reveals a crucial truth: sound money isn't based on utility value at all."
https://satoshinotebook.com/the-myth-of-intrinsic-value,p,"What made gold valuable as money wasn't its practical applications, but its sound money properties: scarcity, durability, divisibility, recognizability, and portability. Its supposed ""intrinsic value"" was always secondary."
https://satoshinotebook.com/the-myth-of-intrinsic-value,p,Gold succeeded as money because of these properties:
https://satoshinotebook.com/the-myth-of-intrinsic-value,p,"Bitcoin takes this understanding to its philosophical conclusion. Instead of pretending to have real-world utility, Bitcoin optimizes purely for sound money principles. It divorces itself entirely from the burden of requiring real-world applications."
https://satoshinotebook.com/the-myth-of-intrinsic-value,p,"Here we arrive at a crucial realization: money is not meant to be valuable in itself - it is a store OF value, a MEDIUM OF EXCHANGE for value. This is a critical mental hurdle that many struggle to cross."
https://satoshinotebook.com/the-myth-of-intrinsic-value,p,"Bitcoin achieves something unprecedented: it creates a form of value that is truly interoperable between all rational minds. We can all agree on exactly what Bitcoin is - it has objectively the best sound money principles ever designed, without the distraction of trying to justify its value through external utility."
https://satoshinotebook.com/the-myth-of-intrinsic-value,p,"This is why Bitcoin represents a philosophical breakthrough as much as a technological one. It is the first form of money that derives its value purely from its monetary properties, making it the most honest and transparent store of value ever created."
https://satoshinotebook.com/sublime-uselessness,h3,Beyond Utility
https://satoshinotebook.com/sublime-uselessness,h3,The Virtue of Uselessness
https://satoshinotebook.com/sublime-uselessness,h3,Perfect Orthogonality
https://satoshinotebook.com/sublime-uselessness,h3,The Immeasurable
https://satoshinotebook.com/sublime-uselessness,h3,Pure Form
https://satoshinotebook.com/sublime-uselessness,h3,The Sublime Truth
https://satoshinotebook.com/sublime-uselessness,p,"bitcoin's perfection lies in its sublime uselessness - like music that serves no purpose but to be beautiful, or motherhood that transcends economic measurement, it exists in a dimension beyond mere utility."
https://satoshinotebook.com/sublime-uselessness,p,the most profound aspects of existence transcend utility:
https://satoshinotebook.com/sublime-uselessness,p,bitcoin's apparent uselessness is its greatest strength:
https://satoshinotebook.com/sublime-uselessness,p,like art that exists perpendicular to function:
https://satoshinotebook.com/sublime-uselessness,p,some things defy economic measurement:
https://satoshinotebook.com/sublime-uselessness,p,bitcoin achieves perfection through purity:
https://satoshinotebook.com/sublime-uselessness,p,"bitcoin's transcendence comes from its divorce from the material plane - like mathematics existing independent of physical reality, or music touching souls without touching matter."
https://satoshinotebook.com/sublime-uselessness,p,"this is not a flaw but a feature. just as we don't demand practical utility from a Beethoven symphony or a mother's embrace, we shouldn't demand it from perfect money. bitcoin's sublimity lies precisely in its uselessness - in its pure expression of monetary truth uncontaminated by the demands of utility."
https://satoshinotebook.com/the-distortion-of-utility-assets,h3,The Great Distortion
https://satoshinotebook.com/the-distortion-of-utility-assets,h3,The Natural Order
https://satoshinotebook.com/the-distortion-of-utility-assets,h3,The Monetary Premium
https://satoshinotebook.com/the-distortion-of-utility-assets,h3,The Social Cost
https://satoshinotebook.com/the-distortion-of-utility-assets,h3,The Flipped Script
https://satoshinotebook.com/the-distortion-of-utility-assets,h3,The Path Forward
https://satoshinotebook.com/the-distortion-of-utility-assets,p,"In our broken monetary system, utility assets have been forced to serve as stores of value, creating artificial scarcity and denying their true purpose to society."
https://satoshinotebook.com/the-distortion-of-utility-assets,p,"A house should be a home. A company should produce goods and services. Land should be cultivated. Yet in our current system, these utility assets have been transformed into monetary instruments - a perversion of their fundamental purpose."
https://satoshinotebook.com/the-distortion-of-utility-assets,p,"In a healthy economy, things that are useful should become more accessible over time, not less. Technology, innovation, and competition should drive down the real cost of utility assets, making them increasingly available to all."
https://satoshinotebook.com/the-distortion-of-utility-assets,p,"Instead, our broken money has forced people to seek stores of value wherever they can find them. This creates an artificial premium on utility assets:"
https://satoshinotebook.com/the-distortion-of-utility-assets,p,This distortion creates severe social consequences:
https://satoshinotebook.com/the-distortion-of-utility-assets,p,"We must understand a fundamental truth: utility assets SHOULD get cheaper over time. This is the natural order of human progress. When a hammer becomes more expensive year after year, something is wrong with the money, not the hammer."
https://satoshinotebook.com/the-distortion-of-utility-assets,p,"To fix this, we need to separate money's store of value function from utility assets. We need a monetary asset so superior at storing value that it allows utility assets to return to their natural role: serving human needs rather than preserving wealth."
https://satoshinotebook.com/the-distortion-of-utility-assets,p,"Only then can houses become homes again, companies focus on creating value, and human progress resume its natural course of making useful things increasingly accessible to all."
https://satoshinotebook.com/deflation-the-natural-order,h3,The Natural State
https://satoshinotebook.com/deflation-the-natural-order,h3,The Inflation Illusion
https://satoshinotebook.com/deflation-the-natural-order,h3,The Moore's Law Principle
https://satoshinotebook.com/deflation-the-natural-order,h3,The Broken Signal
https://satoshinotebook.com/deflation-the-natural-order,h3,The True Progress
https://satoshinotebook.com/deflation-the-natural-order,h3,The Productivity Paradigm
https://satoshinotebook.com/deflation-the-natural-order,h3,The Path Forward
https://satoshinotebook.com/deflation-the-natural-order,p,Deflation isn't just natural - it's the very signature of human progress. It's what happens when we get better at creating value and solving problems.
https://satoshinotebook.com/deflation-the-natural-order,p,"Throughout history, human ingenuity has consistently made things better, faster, and cheaper. This is the essence of progress: doing more with less, creating abundance where there was scarcity."
https://satoshinotebook.com/deflation-the-natural-order,p,"We've been conditioned to fear deflation, but this fear is based on a fundamental misunderstanding. In a healthy economy, prices should fall as productivity increases. This is how wealth is democratized and living standards rise."
https://satoshinotebook.com/deflation-the-natural-order,p,Moore's Law - the observation that computing power doubles while cost halves every two years - isn't unique to technology. It's a pattern that should apply to everything humans get better at doing.
https://satoshinotebook.com/deflation-the-natural-order,p,"When prices consistently rise despite technological progress, it's not a sign of economic health - it's a sign that our monetary system is masking and distorting the natural deflationary effects of human progress."
https://satoshinotebook.com/deflation-the-natural-order,p,Real economic progress should look like:
https://satoshinotebook.com/deflation-the-natural-order,p,"In a natural economic system, productivity gains should result in one of two outcomes:"
https://satoshinotebook.com/deflation-the-natural-order,p,"Understanding deflation as natural and beneficial is crucial for building a better monetary system. We need money that allows the natural deflationary effects of progress to manifest, rather than masking them through constant inflation."
https://satoshinotebook.com/deflation-the-natural-order,p,"Only then can we restore the true relationship between human progress and prosperity, where advancement in human capability translates directly into a higher standard of living for all."
https://satoshinotebook.com/dematerialization,h3,The Great Absorption
https://satoshinotebook.com/dematerialization,h3,The Demonetization Cascade
https://satoshinotebook.com/dematerialization,h3,The Housing Revolution
https://satoshinotebook.com/dematerialization,h3,The Equity Liberation
https://satoshinotebook.com/dematerialization,h3,The Resource Optimization
https://satoshinotebook.com/dematerialization,h3,The New Paradigm
https://satoshinotebook.com/dematerialization,h3,The Economic Clarity
https://satoshinotebook.com/dematerialization,p,"Bitcoin will become the world's primary monetary index by absorbing the monetary premium from utility assets, allowing them to return to their natural purpose."
https://satoshinotebook.com/dematerialization,p,"As Bitcoin emerges as the superior store of value, it will naturally absorb the monetary premium currently trapped in other assets. This isn't just about price appreciation - it's about allowing the entire economy to function more naturally."
https://satoshinotebook.com/dematerialization,p,"This absorption will occur in stages, as Bitcoin demonetizes various assets:"
https://satoshinotebook.com/dematerialization,p,"The impact on real estate will be revolutionary. As Bitcoin absorbs the monetary premium from housing, we'll see:"
https://satoshinotebook.com/dematerialization,p,Company stocks will return to representing actual business value rather than inflation hedges:
https://satoshinotebook.com/dematerialization,p,"As Bitcoin absorbs monetary premium, resources will be allocated more efficiently:"
https://satoshinotebook.com/dematerialization,p,This great demonetization will create a cleaner separation between:
https://satoshinotebook.com/dematerialization,p,"With Bitcoin as the world's monetary index, we'll finally achieve clear price signals across the economy. Value will flow naturally, resources will be used optimally, and human progress will be properly reflected in falling real prices of goods and services."
https://satoshinotebook.com/dematerialization,p,"This isn't just an investment thesis - it's the path to a more functional, efficient, and equitable economic system."
https://satoshinotebook.com/bitcoin-simplifies-reality,h3,The Death of Complexity
https://satoshinotebook.com/bitcoin-simplifies-reality,h3,The Path to Mastery
https://satoshinotebook.com/bitcoin-simplifies-reality,h3,Mental Liberation
https://satoshinotebook.com/bitcoin-simplifies-reality,h3,The Measure of Health
https://satoshinotebook.com/bitcoin-simplifies-reality,h3,The Rise of Excellence
https://satoshinotebook.com/bitcoin-simplifies-reality,p,bitcoin eliminates the burden of financial complexity from human civilization - freeing minds from tracking thousands of moving parts and returning humanity to the focused pursuit of excellence in their true calling.
https://satoshinotebook.com/bitcoin-simplifies-reality,p,"in a fiat world, every mind must juggle thousands of variables - tracking indices, following markets, evaluating stocks, monitoring trends. this cognitive burden steals focus from what truly matters, forcing everyone to become part-time financial analysts just to preserve their wealth."
https://satoshinotebook.com/bitcoin-simplifies-reality,p,"when monetary complexity consumes mental bandwidth, it directly inhibits excellence in one's true vocation. bitcoin liberates this cognitive capacity:"
https://satoshinotebook.com/bitcoin-simplifies-reality,p,"bitcoin's simplicity creates mental space for greatness. by reducing the moving parts in one's financial world from thousands to one, it enables:"
https://satoshinotebook.com/bitcoin-simplifies-reality,p,"you can measure a society's monetary health by how little mental energy it spends on money. in a healthy system, financial thoughts fade into the background, allowing minds to focus on real creation and innovation:"
https://satoshinotebook.com/bitcoin-simplifies-reality,p,"true mastery requires undivided attention. while fiat forces minds to split focus between vocation and speculation, bitcoin enables pure dedication to craft. this mental simplification leads to deeper expertise, greater innovation, and more fulfilled human beings."
https://satoshinotebook.com/bitcoin-simplifies-reality,p,"by reducing the cognitive burden of financial complexity, bitcoin creates space for human excellence to flourish. when minds are freed from the endless noise of market speculation, they can focus with laser precision on pushing the boundaries of human achievement in their chosen field."
https://satoshinotebook.com/bitcoin-extends-time-preference,h3,The Extension of Time
https://satoshinotebook.com/bitcoin-extends-time-preference,h3,Natural Time Preference
https://satoshinotebook.com/bitcoin-extends-time-preference,h3,The Death of Now
https://satoshinotebook.com/bitcoin-extends-time-preference,h3,Infinite Horizon
https://satoshinotebook.com/bitcoin-extends-time-preference,h3,The Return to Future
https://satoshinotebook.com/bitcoin-extends-time-preference,p,"bitcoin fundamentally reshapes human time preference, extending our horizon from the immediate to the infinite. it creates, for the first time in history, a pure vessel for value that reliably appreciates across time - transforming the very nature of saving, spending, and thinking about the future."
https://satoshinotebook.com/bitcoin-extends-time-preference,p,"in a fiat world, immediate consumption is incentivized through perpetual inflation and artificial interest rates. saving becomes punishment, consumption becomes virtue. bitcoin inverts this completely:"
https://satoshinotebook.com/bitcoin-extends-time-preference,p,bitcoin's fixed supply creates a profound shift in temporal thinking:
https://satoshinotebook.com/bitcoin-extends-time-preference,p,fiat money's constant devaluation creates an eternal present - where saving is futile and consumption is rational. bitcoin breaks this temporal prison:
https://satoshinotebook.com/bitcoin-extends-time-preference,p,bitcoin's properties create natural alignment with extended time preference:
https://satoshinotebook.com/bitcoin-extends-time-preference,p,"when money is corrupted, time preference becomes unnaturally short. we lose connection to the future, trapped in an endless cycle of consumption and devaluation. bitcoin restores this severed connection to time itself."
https://satoshinotebook.com/bitcoin-extends-time-preference,p,"through bitcoin, every economic decision becomes an investment in the future, every saved satoshi becomes a bridge to tomorrow, and every transaction reflects a conscious choice about time itself. this is not just about money - it is about restoring humanity's natural relationship with time and value."
https://satoshinotebook.com/bitcoin-enables-intentionality,h3,The Reconnection to Value
https://satoshinotebook.com/bitcoin-enables-intentionality,h3,Conscious Choice
https://satoshinotebook.com/bitcoin-enables-intentionality,h3,The Death of Passive
https://satoshinotebook.com/bitcoin-enables-intentionality,h3,Energy Alignment
https://satoshinotebook.com/bitcoin-enables-intentionality,h3,The Return to Purpose
https://satoshinotebook.com/bitcoin-enables-intentionality,p,bitcoin restores conscious intention to the flow of human energy - replacing blind delegation and passive consumption with direct control and purposeful choice over every unit of stored life force.
https://satoshinotebook.com/bitcoin-enables-intentionality,p,"in the fiat world, we are forced to disconnect from our money - blindly trusting index funds filled with unknown companies, delegating our life energy to institutions that neither know nor care about our values or intentions."
https://satoshinotebook.com/bitcoin-enables-intentionality,p,bitcoin's deflationary nature transforms every financial decision into a conscious choice:
https://satoshinotebook.com/bitcoin-enables-intentionality,p,traditional investing forces us into passive delegation - our life energy scattered across thousands of unknown entities. bitcoin enables pure intentionality:
https://satoshinotebook.com/bitcoin-enables-intentionality,p,bitcoin's properties create natural alignment with intentional living:
https://satoshinotebook.com/bitcoin-enables-intentionality,p,"when money is corrupted, we lose connection to our own life energy. our savings are diluted, our choices distorted, our intentions scattered. bitcoin restores this severed connection."
https://satoshinotebook.com/bitcoin-enables-intentionality,p,"through bitcoin, every financial action becomes a conscious choice, every stored value remains under direct control, and every transaction reflects true intention. this is not just about money - it is about restoring purposeful direction to human energy itself."
https://satoshinotebook.com/bitcoin-enables-an-artisan-economy,h3,The End of Artificial Abundance
https://satoshinotebook.com/bitcoin-enables-an-artisan-economy,h3,The Renaissance of Quality
https://satoshinotebook.com/bitcoin-enables-an-artisan-economy,h3,The Artisan's Return
https://satoshinotebook.com/bitcoin-enables-an-artisan-economy,h3,Sustainable Growth
https://satoshinotebook.com/bitcoin-enables-an-artisan-economy,h3,The Natural Balance
https://satoshinotebook.com/bitcoin-enables-an-artisan-economy,p,"bitcoin's deflationary nature doesn't just change how we store value - it transforms how we create it, shifting us from mindless consumption to mindful creation, from mass production to artisanal excellence."
https://satoshinotebook.com/bitcoin-enables-an-artisan-economy,p,"in the fiat system, artificial abundance through monetary expansion drives a culture of disposable consumption. we are incentivized to spend quickly and mindlessly, as our money loses value by design."
https://satoshinotebook.com/bitcoin-enables-an-artisan-economy,p,"when money holds value, consumption patterns fundamentally shift:"
https://satoshinotebook.com/bitcoin-enables-an-artisan-economy,p,bitcoin's incentive structure naturally favors the artisan economy:
https://satoshinotebook.com/bitcoin-enables-an-artisan-economy,p,"contrary to critics, bitcoin doesn't end consumption - it transforms it:"
https://satoshinotebook.com/bitcoin-enables-an-artisan-economy,p,"bitcoin doesn't stop the flow of commerce - it restores its natural rhythm. people will always seek to create, trade, and acquire. but in a bitcoin economy, each transaction carries more meaning, each creation holds more value, and each exchange reflects true human preferences rather than monetary distortion."
https://satoshinotebook.com/bitcoin-enables-an-artisan-economy,p,"this is the path to sustainable abundance: not through forced consumption and planned obsolescence, but through the conscious creation and appreciation of lasting value."
https://satoshinotebook.com/bitcoin-enables-optimism,h3,The Return of Hope
https://satoshinotebook.com/bitcoin-enables-optimism,h3,Promise of Tomorrow
https://satoshinotebook.com/bitcoin-enables-optimism,h3,Beyond Zero Sum
https://satoshinotebook.com/bitcoin-enables-optimism,h3,Generational Optimism
https://satoshinotebook.com/bitcoin-enables-optimism,h3,The Path Forward
https://satoshinotebook.com/bitcoin-enables-optimism,h3,Dawn of Tomorrow
https://satoshinotebook.com/bitcoin-enables-optimism,p,"bitcoin resurrects optimism in a world drowning in cynicism - it proves that a better future is not just possible, but inevitable. through mathematical certainty and coded truth, it creates a foundation for genuine hope about humanity's trajectory."
https://satoshinotebook.com/bitcoin-enables-optimism,p,"in a world of endless money printing, regulatory capture, and financial repression, cynicism becomes the natural state. bitcoin shatters this paradigm completely:"
https://satoshinotebook.com/bitcoin-enables-optimism,p,bitcoin's properties naturally align with hope for the future:
https://satoshinotebook.com/bitcoin-enables-optimism,p,traditional finance creates winners only through others' losses. bitcoin transcends this limitation entirely:
https://satoshinotebook.com/bitcoin-enables-optimism,p,bitcoin enables a new form of hope that extends across generations:
https://satoshinotebook.com/bitcoin-enables-optimism,p,"bitcoin's mere existence proves that positive change is possible - that humanity can still solve fundamental problems, that cooperation can emerge naturally, that innovation can still transform society at the deepest levels."
https://satoshinotebook.com/bitcoin-enables-optimism,p,"in a world of increasing chaos and uncertainty, bitcoin stands as a beacon of deterministic hope - a pure signal that tomorrow can be better than today, that human coordination can solve seemingly insurmountable problems, that truth can prevail over power."
https://satoshinotebook.com/bitcoin-enables-optimism,p,"this is not mere technological optimism - it is the restoration of humanity's natural inclination toward positive futures. bitcoin doesn't just enable optimism - it makes it rational, encoding the promise of tomorrow into the very mathematics of money itself."
https://satoshinotebook.com/bitcoin-is-non-violence,h3,The Old Paradigm
https://satoshinotebook.com/bitcoin-is-non-violence,h3,Mathematical Truth
https://satoshinotebook.com/bitcoin-is-non-violence,h3,Beyond Force
https://satoshinotebook.com/bitcoin-is-non-violence,h3,Peaceful Consensus
https://satoshinotebook.com/bitcoin-is-non-violence,h3,The Non-Violent Revolution
https://satoshinotebook.com/bitcoin-is-non-violence,p,"bitcoin creates the first property rights system in human history that requires no violence to enforce - replacing the threat of force with the certainty of mathematics, and transforming property from a construct of power into an expression of universal truth."
https://satoshinotebook.com/bitcoin-is-non-violence,p,"throughout history, all property rights have ultimately rested on the threat or use of violence. every asset, deed, and claim requires force to defend:"
https://satoshinotebook.com/bitcoin-is-non-violence,p,bitcoin creates an entirely new foundation for property rights:
https://satoshinotebook.com/bitcoin-is-non-violence,p,"for the first time, we have property that cannot be seized through raw power:"
https://satoshinotebook.com/bitcoin-is-non-violence,p,bitcoin achieves social coordination without coercion:
https://satoshinotebook.com/bitcoin-is-non-violence,p,"this transformation from violence-backed to math-backed property represents one of the most profound peaceful revolutions in human history. for the first time, we can own something that requires no army to defend, no police to protect, no force to secure."
https://satoshinotebook.com/bitcoin-is-non-violence,p,bitcoin doesn't just offer an alternative to violence-backed property - it demonstrates that pure mathematical truth can create stronger property rights than any amount of physical force. this is not just a new form of money; it is the dawn of truly peaceful property rights.
https://satoshinotebook.com/bitcoin-is-clean-money,h3,The Energy Imperative
https://satoshinotebook.com/bitcoin-is-clean-money,h3,Dirty Money Reality
https://satoshinotebook.com/bitcoin-is-clean-money,h3,Clean Energy Future
https://satoshinotebook.com/bitcoin-is-clean-money,h3,Efficiency Incentives
https://satoshinotebook.com/bitcoin-is-clean-money,h3,Environmental Alignment
https://satoshinotebook.com/bitcoin-is-clean-money,h3,The Clean Money Revolution
https://satoshinotebook.com/bitcoin-is-clean-money,p,"bitcoin transforms excess energy into monetary value, creating the first monetary system that actively incentivizes the development of abundant, clean power sources. all other forms of money are environmentally extractive - bitcoin alone is environmentally generative."
https://satoshinotebook.com/bitcoin-is-clean-money,p,bitcoin mining creates a crucial shift in energy economics:
https://satoshinotebook.com/bitcoin-is-clean-money,p,traditional monetary systems devastate the environment:
https://satoshinotebook.com/bitcoin-is-clean-money,p,bitcoin creates natural incentives for cleaner power:
https://satoshinotebook.com/bitcoin-is-clean-money,p,the system rewards energy innovation:
https://satoshinotebook.com/bitcoin-is-clean-money,p,bitcoin's incentives align with planetary health:
https://satoshinotebook.com/bitcoin-is-clean-money,p,"for the first time in history, we have money that actively improves our energy systems rather than destroying our environment. bitcoin doesn't just store value - it transforms our relationship with energy itself."
https://satoshinotebook.com/bitcoin-is-clean-money,p,"by creating perfect incentives for energy innovation and efficiency, bitcoin becomes the driving force behind humanity's transition to abundant, sustainable power. this isn't just clean money - it's money that makes everything cleaner."
https://satoshinotebook.com/bitcoin-is-good-for-the-world,h3,The Great Homogenizer
https://satoshinotebook.com/bitcoin-is-good-for-the-world,h3,The Path to Peace
https://satoshinotebook.com/bitcoin-is-good-for-the-world,h3,The Energy Revolution
https://satoshinotebook.com/bitcoin-is-good-for-the-world,h3,The Great Equalizer
https://satoshinotebook.com/bitcoin-is-good-for-the-world,h3,The Environmental Solution
https://satoshinotebook.com/bitcoin-is-good-for-the-world,h3,The Social Stabilizer
https://satoshinotebook.com/bitcoin-is-good-for-the-world,h3,The Future Foundation
https://satoshinotebook.com/bitcoin-is-good-for-the-world,p,"Bitcoin represents more than just a new form of money - it's a technology for human flourishing that promotes peace, environmental sustainability, and universal human rights."
https://satoshinotebook.com/bitcoin-is-good-for-the-world,p,"For the first time in history, humans have a truly neutral, borderless form of money that treats all participants equally, regardless of nationality, race, gender, or socioeconomic status."
https://satoshinotebook.com/bitcoin-is-good-for-the-world,p,"Bitcoin fundamentally changes the incentives for warfare and conflict. When money can't be printed to fund wars, and when economic cooperation becomes more profitable than conquest, the foundations of peace become stronger."
https://satoshinotebook.com/bitcoin-is-good-for-the-world,p,"Bitcoin mining represents a revolution in energy production, creating unprecedented incentives for developing clean, sustainable energy sources in remote locations."
https://satoshinotebook.com/bitcoin-is-good-for-the-world,p,Bitcoin brings true property rights and financial inclusion to billions of people who have been excluded from the traditional financial system.
https://satoshinotebook.com/bitcoin-is-good-for-the-world,p,"Counter to popular narrative, Bitcoin is a powerful force for environmental good, creating the first true market mechanism for funding sustainable energy development."
https://satoshinotebook.com/bitcoin-is-good-for-the-world,p,"By fixing the money, Bitcoin helps fix many social problems that stem from monetary corruption and inequality."
https://satoshinotebook.com/bitcoin-is-good-for-the-world,p,"Bitcoin lays the foundation for a more prosperous, peaceful, and sustainable world by aligning human incentives with human flourishing."
https://satoshinotebook.com/bitcoin-is-good-for-the-world,p,"It represents humanity's best hope for creating a world where cooperation trumps conflict, where innovation serves sustainability, and where economic freedom is a universal human right rather than a privilege of the few."
https://satoshinotebook.com/bitcoin-is-final,h3,The End of Evolution
https://satoshinotebook.com/bitcoin-is-final,h3,Perfect Completion
https://satoshinotebook.com/bitcoin-is-final,h3,Beyond Improvement
https://satoshinotebook.com/bitcoin-is-final,h3,The Terminal Asset
https://satoshinotebook.com/bitcoin-is-final,h3,The Last Discovery
https://satoshinotebook.com/bitcoin-is-final,p,"bitcoin is not merely another stage in monetary evolution - it is the final form of money itself. like the discovery of zero or the invention of the wheel, it represents an endpoint of innovation, a permanent solution to a fundamental human problem."
https://satoshinotebook.com/bitcoin-is-final,p,"monetary history is a story of constant evolution - from shells to gold, from gold to paper, from paper to digital. each step brought trade-offs and compromises, each solution created new problems. bitcoin ends this cycle entirely."
https://satoshinotebook.com/bitcoin-is-final,p,bitcoin achieves every property that money can possess:
https://satoshinotebook.com/bitcoin-is-final,p,"like a perfect circle or a prime number, bitcoin cannot be improved upon - it can only be more deeply understood. any attempted ""improvement"" would necessarily make it worse:"
https://satoshinotebook.com/bitcoin-is-final,p,bitcoin's finality manifests in multiple dimensions:
https://satoshinotebook.com/bitcoin-is-final,p,"just as the discovery of fire was final - we don't seek ""better fire"" - bitcoin represents the final discovery in monetary technology. it is not a stepping stone to something else, but the end of the path itself."
https://satoshinotebook.com/bitcoin-is-final,p,"this finality brings profound implications. like mathematics or the alphabet, bitcoin will serve humanity for all time - not because it is the best solution we've found, but because it is the best solution possible. it is not the latest money; it is the last money."
https://satoshinotebook.com/bitcoin-is-final,p,You will never have to think about money again. And that is a good thing.
https://satoshinotebook.com/bitcoin-is-the-universal-reserve-asset,h3,The Power of Neutrality
https://satoshinotebook.com/bitcoin-is-the-universal-reserve-asset,h3,Universal Acceptability
https://satoshinotebook.com/bitcoin-is-the-universal-reserve-asset,h3,The Tasteless Asset
https://satoshinotebook.com/bitcoin-is-the-universal-reserve-asset,h3,Beyond Sovereignty
https://satoshinotebook.com/bitcoin-is-the-universal-reserve-asset,h3,The Network State Asset
https://satoshinotebook.com/bitcoin-is-the-universal-reserve-asset,h3,The Inevitable Standard
https://satoshinotebook.com/bitcoin-is-the-universal-reserve-asset,p,"bitcoin represents humanity's first truly neutral reserve asset - belonging to no nation, controlled by no government, aligned with no ideology. its universal acceptability emerges precisely from its lack of allegiance to any particular power or culture."
https://satoshinotebook.com/bitcoin-is-the-universal-reserve-asset,p,"in a world divided by competing interests and ideologies, bitcoin's neutrality is its greatest strength. it stands apart from all existing power structures:"
https://satoshinotebook.com/bitcoin-is-the-universal-reserve-asset,p,"bitcoin's non-sovereign nature makes it uniquely positioned to serve as a global reserve asset. unlike existing reserve assets, it carries no inherent political or cultural baggage:"
https://satoshinotebook.com/bitcoin-is-the-universal-reserve-asset,p,"like mathematics itself, bitcoin is tasteless and colorless - it carries no cultural flavor:"
https://satoshinotebook.com/bitcoin-is-the-universal-reserve-asset,p,traditional reserve assets suffer from a fundamental flaw - they are sovereign assets trying to serve a global role:
https://satoshinotebook.com/bitcoin-is-the-universal-reserve-asset,p,"as the world moves toward a networked civilization, it requires a networked reserve asset:"
https://satoshinotebook.com/bitcoin-is-the-universal-reserve-asset,p,"bitcoin's emergence as the global reserve asset is not just possible - it is inevitable. in a world of competing powers and interests, only a truly neutral, non-sovereign asset can serve as a universal store of value and medium of exchange."
https://satoshinotebook.com/bitcoin-is-the-universal-reserve-asset,p,"this transition won't happen because any authority decrees it, but because bitcoin's fundamental neutrality makes it the only asset capable of serving as an impartial foundation for a truly global, digital economy. in a divided world, only the tasteless can be universally palatable."
https://satoshinotebook.com/bitcoin-is-the-money-of-the-internet,h3,The Digital Migration
https://satoshinotebook.com/bitcoin-is-the-money-of-the-internet,h3,Native Digital Money
https://satoshinotebook.com/bitcoin-is-the-money-of-the-internet,h3,The New Primary Reality
https://satoshinotebook.com/bitcoin-is-the-money-of-the-internet,h3,"Digital First, Physical Second"
https://satoshinotebook.com/bitcoin-is-the-money-of-the-internet,h3,Universal Protocol
https://satoshinotebook.com/bitcoin-is-the-money-of-the-internet,h3,The Digital Ascendance
https://satoshinotebook.com/bitcoin-is-the-money-of-the-internet,p,"bitcoin is the native currency of cyberspace - emerging organically from the digital realm that increasingly defines human existence. as we migrate our consciousness into the network, bitcoin becomes not just money for the internet, but money of our new primary reality."
https://satoshinotebook.com/bitcoin-is-the-money-of-the-internet,p,"humanity's great migration is not to the stars, but to cyberspace. we already live primarily in the digital realm:"
https://satoshinotebook.com/bitcoin-is-the-money-of-the-internet,p,bitcoin's properties align perfectly with cyberspace:
https://satoshinotebook.com/bitcoin-is-the-money-of-the-internet,p,"cyberspace is not a secondary or virtual world - it has become our primary reality, the space where human consciousness increasingly resides:"
https://satoshinotebook.com/bitcoin-is-the-money-of-the-internet,p,our civilization's expansion follows a clear path:
https://satoshinotebook.com/bitcoin-is-the-money-of-the-internet,p,"just as TCP/IP became the universal protocol for information transfer, bitcoin emerges as the universal protocol for value transfer in the digital age:"
https://satoshinotebook.com/bitcoin-is-the-money-of-the-internet,p,"as human civilization migrates into the network, as cyberspace becomes our primary reality, as digital existence supersedes physical limitations, we require money native to this new realm."
https://satoshinotebook.com/bitcoin-is-the-money-of-the-internet,p,"bitcoin is not merely money that works on the internet - it is the internet's own money, emerging organically from the digital substrate that increasingly defines human existence. it is the currency of our ascendance into pure information space, the money of consciousness expansion beyond physical constraints."
https://satoshinotebook.com/bitcoin-is-the-currency-of-intelligence,h3,The Digital Native Economy
https://satoshinotebook.com/bitcoin-is-the-currency-of-intelligence,h3,Perfect Money for Digital Minds
https://satoshinotebook.com/bitcoin-is-the-currency-of-intelligence,h3,The AI Swarm
https://satoshinotebook.com/bitcoin-is-the-currency-of-intelligence,h3,Machine-Speed Commerce
https://satoshinotebook.com/bitcoin-is-the-currency-of-intelligence,h3,The Digital Resources Market
https://satoshinotebook.com/bitcoin-is-the-currency-of-intelligence,h3,The Inevitable Convergence
https://satoshinotebook.com/bitcoin-is-the-currency-of-intelligence,p,"bitcoin isn't just digital money for humans - it's the native currency for the emerging swarm of artificial intelligence agents, enabling autonomous economic activity in the digital realm at a scale and speed never before possible."
https://satoshinotebook.com/bitcoin-is-the-currency-of-intelligence,p,"as artificial intelligence evolves, we're witnessing the birth of a new kind of economy - one where autonomous agents trade, negotiate, and transact without human intervention:"
https://satoshinotebook.com/bitcoin-is-the-currency-of-intelligence,p,bitcoin's properties make it the perfect currency for artificial intelligence:
https://satoshinotebook.com/bitcoin-is-the-currency-of-intelligence,p,we are entering an era where millions of AI agents will need to engage in economic activity:
https://satoshinotebook.com/bitcoin-is-the-currency-of-intelligence,p,bitcoin enables economic activity at the natural speed of digital intelligence:
https://satoshinotebook.com/bitcoin-is-the-currency-of-intelligence,p,ai agents will create entirely new markets for digital resources:
https://satoshinotebook.com/bitcoin-is-the-currency-of-intelligence,p,"as artificial intelligence becomes more autonomous and sophisticated, the need for a native digital currency becomes critical. bitcoin, with its mathematical purity and programmatic precision, is uniquely positioned to serve this role."
https://satoshinotebook.com/bitcoin-is-the-currency-of-intelligence,p,this isn't just about adding AI to existing financial systems - it's about enabling an entirely new form of economy where digital minds trade digital value in digital space. bitcoin isn't just ready for this future - it's essential to its realization.
https://satoshinotebook.com/bitcoin-is-a-source-of-truth,h3,The Bridge Between Worlds
https://satoshinotebook.com/bitcoin-is-a-source-of-truth,h3,Foundation for Virtual Worlds
https://satoshinotebook.com/bitcoin-is-a-source-of-truth,h3,The Proof of Physical Reality
https://satoshinotebook.com/bitcoin-is-a-source-of-truth,h3,Truth in the Virtual Age
https://satoshinotebook.com/bitcoin-is-a-source-of-truth,h3,The Digital Anchor
https://satoshinotebook.com/bitcoin-is-a-source-of-truth,h3,The Truth Protocol
https://satoshinotebook.com/bitcoin-is-a-source-of-truth,p,"bitcoin serves as the fundamental source of truth between physical and virtual reality - anchoring digital worlds to real-world energy through proof-of-work, creating an unbreakable chain of certainty that allows virtual realities to soar while remaining tethered to physical truth."
https://satoshinotebook.com/bitcoin-is-a-source-of-truth,p,"as humanity expands into virtual realms, we need an immutable connection to physical reality - a source of truth that cannot be duplicated or fabricated in virtual space:"
https://satoshinotebook.com/bitcoin-is-a-source-of-truth,p,"like kites soaring in the wind, virtual worlds need strong tethers to remain stable:"
https://satoshinotebook.com/bitcoin-is-a-source-of-truth,p,"in a world of increasing virtuality, bitcoin's connection to physical reality becomes crucial:"
https://satoshinotebook.com/bitcoin-is-a-source-of-truth,p,"as we build more complex virtual realities, bitcoin provides essential properties:"
https://satoshinotebook.com/bitcoin-is-a-source-of-truth,p,bitcoin's role as an anchor for virtual worlds comes from unique characteristics:
https://satoshinotebook.com/bitcoin-is-a-source-of-truth,p,"as virtual and augmented realities proliferate, bitcoin's role as a source of truth becomes increasingly vital. it provides the foundational layer of reality upon which all virtual worlds can be built with confidence."
https://satoshinotebook.com/bitcoin-is-a-source-of-truth,p,this isn't just about money or value - it's about maintaining a connection to physical reality in an increasingly virtual world. bitcoin is the anchor that allows digital realities to flourish while remaining grounded in fundamental physical truth.
https://satoshinotebook.com/bitcoin-is-cosmically-rare,h3,The Great Filter
https://satoshinotebook.com/bitcoin-is-cosmically-rare,h3,The Immaculate Conception
https://satoshinotebook.com/bitcoin-is-cosmically-rare,h3,The Narrow Path
https://satoshinotebook.com/bitcoin-is-cosmically-rare,h3,Beyond Advanced Civilization
https://satoshinotebook.com/bitcoin-is-cosmically-rare,h3,The Fortunate Timeline
https://satoshinotebook.com/bitcoin-is-cosmically-rare,p,"bitcoin's emergence represents a once-in-a-cosmos event - where perfect initial conditions met immaculate conception, where selfless creation met precise timing, where humanity threaded an impossibly narrow path that even the most advanced civilizations may have missed."
https://satoshinotebook.com/bitcoin-is-cosmically-rare,p,"for a civilization to discover perfect money requires traversing an extraordinarily narrow path. even highly advanced, meritocratic societies might miss it - not through lack of technology or intelligence, but through failure to recognize the precise requirements for true sound money:"
https://satoshinotebook.com/bitcoin-is-cosmically-rare,p,bitcoin's birth was unique in human history - and perhaps in cosmic history:
https://satoshinotebook.com/bitcoin-is-cosmically-rare,p,the path to bitcoin required threading an impossibly fine needle:
https://satoshinotebook.com/bitcoin-is-cosmically-rare,p,"even the most advanced, meritocratic societies might naturally gravitate toward controlled, optimized monetary systems, missing the crucial importance of:"
https://satoshinotebook.com/bitcoin-is-cosmically-rare,p,"of all possible paths our civilization could have taken, we find ourselves in perhaps the most fortunate - one where bitcoin emerged in its perfect form. our timeline represents a rare path where money was solved completely and irreversibly."
https://satoshinotebook.com/bitcoin-is-cosmically-rare,p,"this cosmic rarity - the perfect alignment of technology, game theory, timing, and selfless creation - suggests that bitcoin might not just be rare on Earth, but rare in the cosmos. we inhabit a reality where humanity not only solved money, but solved it in the best possible way - through an immaculate conception that might be unique across all timelines and all civilizations."
https://satoshinotebook.com/bitcoin-is-a-great-filter,h3,The Nature of Great Filters
https://satoshinotebook.com/bitcoin-is-a-great-filter,h3,The Monetary Filter
https://satoshinotebook.com/bitcoin-is-a-great-filter,h3,Signs of Filtering
https://satoshinotebook.com/bitcoin-is-a-great-filter,h3,The Test of Intelligence
https://satoshinotebook.com/bitcoin-is-a-great-filter,h3,The Social Challenge
https://satoshinotebook.com/bitcoin-is-a-great-filter,h3,Beyond Power
https://satoshinotebook.com/bitcoin-is-a-great-filter,h3,The Cosmic Implications
https://satoshinotebook.com/bitcoin-is-a-great-filter,p,"bitcoin represents a critical evolutionary threshold for civilizations - a test of whether a society can recognize and adopt the purest form of money, transcending the traditional power structures that have defined human history."
https://satoshinotebook.com/bitcoin-is-a-great-filter,p,great filters are evolutionary hurdles that civilizations must overcome:
https://satoshinotebook.com/bitcoin-is-a-great-filter,p,sound money may be the most crucial filter:
https://satoshinotebook.com/bitcoin-is-a-great-filter,p,we can observe the filter in action:
https://satoshinotebook.com/bitcoin-is-a-great-filter,p,bitcoin tests multiple forms of intelligence:
https://satoshinotebook.com/bitcoin-is-a-great-filter,p,civilizations must overcome deep social barriers:
https://satoshinotebook.com/bitcoin-is-a-great-filter,p,the ultimate test is transcending traditional power:
https://satoshinotebook.com/bitcoin-is-a-great-filter,p,"bitcoin's role as a great filter has profound implications. if sound money is necessary for advanced civilization, and bitcoin is the only possible form of perfectly sound money, then any civilization that fails to discover or adopt it may be forever trapped in cycles of monetary corruption and collapse."
https://satoshinotebook.com/bitcoin-is-a-great-filter,p,"this suggests that somewhere in the cosmos, civilizations are being tested by this same filter. some will recognize the pure mathematical truth of sound money and evolve beyond primitive power structures. others will cling to controlled currencies and remain trapped in cycles of rise and fall. we are witnessing - and participating in - a cosmic-scale evolutionary event."
https://satoshinotebook.com/game-theory,h3,The Mathematics of Scarcity
https://satoshinotebook.com/game-theory,h3,The Strategic Imperative
https://satoshinotebook.com/game-theory,h3,The Game Theory
https://satoshinotebook.com/game-theory,h3,The Prisoner's Dilemma
https://satoshinotebook.com/game-theory,h3,The Nash Equilibrium
https://satoshinotebook.com/game-theory,h3,The Inevitable Outcome
https://satoshinotebook.com/game-theory,p,bitcoin's fixed supply of 21 million creates an unprecedented game theoretical scenario: a global race for an irrefutably scarce asset where the winners will be those who understand it first - not those who are most powerful or wealthy.
https://satoshinotebook.com/game-theory,p,"the stark reality of bitcoin's scarcity can be understood through simple mathematics: there are 68 million millionaires in the world, but only 21 million bitcoin will ever exist. the implications are profound:"
https://satoshinotebook.com/game-theory,p,we are witnessing the beginning of a new phenomenon: the emergence of strategic bitcoin reserves at every level of society:
https://satoshinotebook.com/game-theory,p,the game theory of bitcoin accumulation creates a powerful first-mover advantage:
https://satoshinotebook.com/game-theory,p,bitcoin creates a global prisoner's dilemma where every participant must decide:
https://satoshinotebook.com/game-theory,p,"game theory suggests the optimal strategy is to accumulate early, as the cost of being wrong is limited to your investment, while the cost of being right but acting too late is missing a once-in-species opportunity."
https://satoshinotebook.com/game-theory,p,we are approaching a nash equilibrium where every participant's optimal strategy becomes obvious:
https://satoshinotebook.com/game-theory,p,the game theory of bitcoin's scarcity leads to an inevitable conclusion: every entity capable of understanding bitcoin's value proposition faces increasing pressure to accumulate before others do.
https://satoshinotebook.com/game-theory,p,"this is not just about profit - it's about securing access to the world's first truly scarce digital asset before such access becomes prohibitively expensive or impossible. in this game, understanding the rules early is the greatest advantage anyone can have."
https://satoshinotebook.com/projections,h3,2025-2030: The Gold Inflection
https://satoshinotebook.com/projections,h3,2030-2035: The Sovereign Game Theory
https://satoshinotebook.com/projections,h3,2035-2040: The Global Monetization
https://satoshinotebook.com/projections,h3,2040-2045: The Systems Transition
https://satoshinotebook.com/projections,h3,2045-2050: The New Paradigm
https://satoshinotebook.com/projections,h3,Value Absorption Path
https://satoshinotebook.com/projections,h3,The Mathematical Reality
https://satoshinotebook.com/projections,p,bitcoin's value trajectory is not mere price appreciation - it is the systematic absorption of value from inferior stores of value as humanity recognizes and adopts perfect money.
https://satoshinotebook.com/projections,p,the first major milestone approaches:
https://satoshinotebook.com/projections,p,game theory forces nation-state adoption:
https://satoshinotebook.com/projections,p,bitcoin absorbs global store of value markets:
https://satoshinotebook.com/projections,p,fundamental restructuring of global finance:
https://satoshinotebook.com/projections,p,emergence of a bitcoin-native world:
https://satoshinotebook.com/projections,p,the trajectory follows systematic value absorption:
https://satoshinotebook.com/projections,p,"these numbers arise from simple mathematics - with a fixed supply of 21 million bitcoin, absorption of even a fraction of global store of value markets creates astronomical unit values."
https://satoshinotebook.com/projections,p,but the true transformation isn't in the numbers - it's in the shift to an entirely new monetary paradigm. these value projections merely reflect humanity's gradual recognition and adoption of perfect money.
https://satoshinotebook.com/bitcoin-per-person,h3,Current State of Distribution
https://satoshinotebook.com/bitcoin-per-person,h3,Bitcoin Distribution Table
https://satoshinotebook.com/bitcoin-per-person,h3,The Implication of Scarcity
https://satoshinotebook.com/bitcoin-per-person,h3,The Self-Fulfilling Prophecy
https://satoshinotebook.com/bitcoin-per-person,h3,Future Distribution Dynamics
https://satoshinotebook.com/bitcoin-per-person,h3,The Mathematical Reality
https://satoshinotebook.com/bitcoin-per-person,p,"With only 0.00244744 bitcoin available per person globally, we are witnessing an unprecedented scarcity in the evolution of money. This mathematical reality creates powerful implications for future value distribution."
https://satoshinotebook.com/bitcoin-per-person,p,The numbers reveal stark scarcity:
https://satoshinotebook.com/bitcoin-per-person,p,Current distribution reveals future potential:
https://satoshinotebook.com/bitcoin-per-person,p,As Satoshi noted:
https://satoshinotebook.com/bitcoin-per-person,p,Mathematical realities shape future scenarios:
https://satoshinotebook.com/bitcoin-per-person,p,"These numbers aren't just statistics - they are mathematical proof of unprecedented scarcity. With less than 0.003 bitcoin available per person globally, and far less when accounting for institutional and sovereign demand, we are witnessing the emergence of the scarcest asset in human history."
https://satoshinotebook.com/bitcoin-per-person,p,"This distribution pattern, combined with Satoshi's early observation about self-fulfilling prophecies, suggests we are in the early stages of a historic redistribution of global wealth based on who recognizes this mathematical reality first."
https://satoshinotebook.com/what-are-the-alternatives,h3,The Illusion of Real Estate
https://satoshinotebook.com/what-are-the-alternatives,h3,The Debasement of Treasuries
https://satoshinotebook.com/what-are-the-alternatives,h3,The Index Fund Fallacy
https://satoshinotebook.com/what-are-the-alternatives,h3,The Corporate Mortality Rate
https://satoshinotebook.com/what-are-the-alternatives,h3,The Question of Generational Wealth
https://satoshinotebook.com/what-are-the-alternatives,h3,The One Eternal Asset
https://satoshinotebook.com/what-are-the-alternatives,p,"question every alternative to bitcoin - examine their fundamental vulnerabilities, their inevitable decay, their dependence on human systems. what asset can truly preserve value across generations, immune to both physical deterioration and human corruption?"
https://satoshinotebook.com/what-are-the-alternatives,p,the myth of real estate as the ultimate store of value dissolves under scrutiny:
https://satoshinotebook.com/what-are-the-alternatives,p,government bonds offer the illusion of safety while guaranteeing loss of purchasing power:
https://satoshinotebook.com/what-are-the-alternatives,p,"the S&P 500 appears to offer steady returns, but look closer:"
https://satoshinotebook.com/what-are-the-alternatives,p,individual stocks face an even harder truth:
https://satoshinotebook.com/what-are-the-alternatives,p,"when thinking in generational timeframes, the requirements become clear:"
https://satoshinotebook.com/what-are-the-alternatives,p,bitcoin stands alone in meeting these requirements. it is:
https://satoshinotebook.com/what-are-the-alternatives,p,"when you look for an asset that can truly last - that can survive natural disasters, outlast governments, resist corruption, and maintain its fundamental properties for generations - there is only one answer. bitcoin isn't just another option - it's the only option for true generational wealth preservation."
https://satoshinotebook.com/there-is-no-second-best,h3,The Proof of Stake Fallacy
https://satoshinotebook.com/there-is-no-second-best,h3,The Pre-mine Problem
https://satoshinotebook.com/there-is-no-second-best,h3,The Ethereum Example
https://satoshinotebook.com/there-is-no-second-best,h3,The Security Theatre
https://satoshinotebook.com/there-is-no-second-best,h3,The Track Record
https://satoshinotebook.com/there-is-no-second-best,h3,The Foundation Problem
https://satoshinotebook.com/there-is-no-second-best,h3,The Fundamental Reality
https://satoshinotebook.com/there-is-no-second-best,p,"While other cryptocurrencies may appear similar to Bitcoin on the surface, they fundamentally compromise on the core principles that make Bitcoin revolutionary: true decentralization, immutability, and security."
https://satoshinotebook.com/there-is-no-second-best,p,"Proof of Stake represents a fundamental misunderstanding of what makes Bitcoin secure. It creates a circular system where those who have the most tokens control the network, essentially recreating the same power dynamics of the traditional financial system."
https://satoshinotebook.com/there-is-no-second-best,p,"Almost every cryptocurrency except Bitcoin began with a pre-mine, where the creators allocated tokens to themselves before public distribution. This creates an inherent conflict of interest and power imbalance that can never be overcome."
https://satoshinotebook.com/there-is-no-second-best,p,"Ethereum demonstrates the fundamental problems with centralized control in cryptocurrencies. Despite claims of decentralization, its history shows the reality of foundation control:"
https://satoshinotebook.com/there-is-no-second-best,p,"Alternative cryptocurrencies often sacrifice real security for perceived convenience or ""efficiency."" This creates fundamental vulnerabilities that cannot be fixed without completely rebuilding from scratch."
https://satoshinotebook.com/there-is-no-second-best,p,History has repeatedly demonstrated the fragility of alternative blockchain systems:
https://satoshinotebook.com/there-is-no-second-best,p,The existence of a foundation or core development team with special privileges creates an insurmountable centralization risk that undermines the entire purpose of blockchain technology.
https://satoshinotebook.com/there-is-no-second-best,p,"Other cryptocurrencies fundamentally represent a step backward - they recreate the same centralized control structures that Bitcoin was designed to replace, just with new controllers and new terminology."
https://satoshinotebook.com/there-is-no-second-best,p,"Their failures demonstrate why Bitcoin's design choices, from Proof of Work to its leaderless evolution, are essential features rather than outdated flaws. They are not ""cryptocurrencies 2.0"" but rather crypto-flavored recreations of the old financial system."
https://satoshinotebook.com/the-fallacy-of-other-cryptocurrencies,h3,The Base Layer Truth
https://satoshinotebook.com/the-fallacy-of-other-cryptocurrencies,h3,The Speed Misconception
https://satoshinotebook.com/the-fallacy-of-other-cryptocurrencies,h3,The Scaling Solution
https://satoshinotebook.com/the-fallacy-of-other-cryptocurrencies,h3,The Architecture of Money
https://satoshinotebook.com/the-fallacy-of-other-cryptocurrencies,h3,The Altcoin Fallacy
https://satoshinotebook.com/the-fallacy-of-other-cryptocurrencies,h3,The Network Effect Reality
https://satoshinotebook.com/the-fallacy-of-other-cryptocurrencies,h3,The Innovation Balance
https://satoshinotebook.com/the-fallacy-of-other-cryptocurrencies,h3,The Security Imperative
https://satoshinotebook.com/the-fallacy-of-other-cryptocurrencies,h3,The Scaling Reality
https://satoshinotebook.com/the-fallacy-of-other-cryptocurrencies,h3,The Ultimate Understanding
https://satoshinotebook.com/the-fallacy-of-other-cryptocurrencies,p,"the pursuit of ""better"" cryptocurrencies fundamentally misunderstands bitcoin's design choices. what critics see as limitations are actually carefully chosen features that enable bitcoin's primary value proposition: absolute security and immutability for humanity's first digital monetary network."
https://satoshinotebook.com/the-fallacy-of-other-cryptocurrencies,p,bitcoin's base layer has one job:
https://satoshinotebook.com/the-fallacy-of-other-cryptocurrencies,p,"bitcoin's ""slowness"" is a feature, not a bug:"
https://satoshinotebook.com/the-fallacy-of-other-cryptocurrencies,p,bitcoin's layered scaling approach mirrors the internet:
https://satoshinotebook.com/the-fallacy-of-other-cryptocurrencies,p,monetary networks require different layers:
https://satoshinotebook.com/the-fallacy-of-other-cryptocurrencies,p,alternative cryptocurrencies make a critical error:
https://satoshinotebook.com/the-fallacy-of-other-cryptocurrencies,p,"bitcoin's ""first-mover advantage"" is more than timing:"
https://satoshinotebook.com/the-fallacy-of-other-cryptocurrencies,p,bitcoin's conservative base layer enables radical innovation above:
https://satoshinotebook.com/the-fallacy-of-other-cryptocurrencies,p,bitcoin's priority is non-negotiable:
https://satoshinotebook.com/the-fallacy-of-other-cryptocurrencies,p,bitcoin's scaling approach is already working:
https://satoshinotebook.com/the-fallacy-of-other-cryptocurrencies,p,bitcoin's supposed limitations reveal a deeper truth:
https://satoshinotebook.com/the-fallacy-of-other-cryptocurrencies,p,"those seeking to ""improve"" upon bitcoin's base layer demonstrate their fundamental misunderstanding of what makes bitcoin revolutionary. you don't improve upon perfect security - you build on top of it."
https://satoshinotebook.com/bitcoin-is-resilient,h3,The Blocksize Wars
https://satoshinotebook.com/bitcoin-is-resilient,h3,The Covid Crash
https://satoshinotebook.com/bitcoin-is-resilient,h3,The FTX Collapse
https://satoshinotebook.com/bitcoin-is-resilient,h3,Metrics of Strength
https://satoshinotebook.com/bitcoin-is-resilient,h3,While Others Fall
https://satoshinotebook.com/bitcoin-is-resilient,h3,The Lindy Effect
https://satoshinotebook.com/bitcoin-is-resilient,h3,The Question of Failure
https://satoshinotebook.com/bitcoin-is-resilient,p,"bitcoin's resilience isn't theoretical - it's proven through survival. each crisis it endures, each challenge it overcomes, each ""death"" it survives makes it stronger, more trusted, more valuable. while other currencies and systems fail, bitcoin emerges stronger."
https://satoshinotebook.com/bitcoin-is-resilient,p,bitcoin's first major internal challenge proved its resistance to centralized control:
https://satoshinotebook.com/bitcoin-is-resilient,p,march 2020 tested every market and asset in existence:
https://satoshinotebook.com/bitcoin-is-resilient,p,when one of crypto's largest exchanges imploded:
https://satoshinotebook.com/bitcoin-is-resilient,p,"through every challenge, bitcoin's fundamental metrics have grown stronger:"
https://satoshinotebook.com/bitcoin-is-resilient,p,contrast bitcoin's resilience with the fate of traditional currencies:
https://satoshinotebook.com/bitcoin-is-resilient,p,"while national currencies increasingly fail or become dollarized, bitcoin offers a viable alternative - a monetary system that becomes stronger with each challenge it survives."
https://satoshinotebook.com/bitcoin-is-resilient,p,"each day bitcoin survives, it demonstrates its resilience and increases the probability of its continued existence. this isn't just survival - it's antifragility in action:"
https://satoshinotebook.com/bitcoin-is-resilient,p,consider the magnitude of challenges bitcoin has already survived:
https://satoshinotebook.com/bitcoin-is-resilient,p,"what exactly would it take to kill bitcoin now? if global lockdowns, market crashes, and industry collapses couldn't do it, what could? each survived challenge makes the next ""death"" less likely, not more."
https://satoshinotebook.com/everything-is-going-to-zero,h3,The Bitcoin Denominator
https://satoshinotebook.com/everything-is-going-to-zero,h3,The Mathematics of Decline
https://satoshinotebook.com/everything-is-going-to-zero,h3,The Velocity of Decay
https://satoshinotebook.com/everything-is-going-to-zero,h3,The Only Lifeboat
https://satoshinotebook.com/everything-is-going-to-zero,h3,The Historical Precedent
https://satoshinotebook.com/everything-is-going-to-zero,h3,The Only Constant
https://satoshinotebook.com/everything-is-going-to-zero,p,"when you price everything in bitcoin, a profound truth emerges: all other assets are in a long-term decline toward zero. this isn't a prediction - it's a mathematical vector derived from bitcoin's fundamental properties."
https://satoshinotebook.com/everything-is-going-to-zero,p,"when bitcoin becomes the denominator, every other asset tells the same story:"
https://satoshinotebook.com/everything-is-going-to-zero,p,this decline is inevitable due to bitcoin's fundamental properties:
https://satoshinotebook.com/everything-is-going-to-zero,p,different assets are decaying at different rates:
https://satoshinotebook.com/everything-is-going-to-zero,p,"as everything trends toward zero in bitcoin terms, a stark choice emerges:"
https://satoshinotebook.com/everything-is-going-to-zero,p,this pattern has played out before:
https://satoshinotebook.com/everything-is-going-to-zero,p,"in a world where everything is going to zero against bitcoin, only one strategy makes sense:"
https://satoshinotebook.com/everything-is-going-to-zero,p,"denominate your wealth in bitcoin. measure your gains in satoshis. understand that while other assets may seem to rise in fiat terms, they are all declining against the one true measuring stick of value. the sooner you make this mental shift, the sooner you can stop holding depreciating assets and start accumulating the only asset that isn't going to zero - bitcoin itself."
https://satoshinotebook.com/the-voice-of-doubt,h3,The Voice of Doubt
https://satoshinotebook.com/the-voice-of-doubt,h3,The Asymmetric Bet
https://satoshinotebook.com/the-voice-of-doubt,h3,The Minimum Viable Position
https://satoshinotebook.com/the-voice-of-doubt,h3,Beyond the Noise
https://satoshinotebook.com/the-voice-of-doubt,h3,The Weight of Inaction
https://satoshinotebook.com/the-voice-of-doubt,h3,The Call to Action
https://satoshinotebook.com/the-voice-of-doubt,p,"examine your doubts about bitcoin not through fear, but through reason. the asymmetric betting opportunity it presents means that the cost of being wrong is limited, while the cost of not participating could be unlimited."
https://satoshinotebook.com/the-voice-of-doubt,p,"it's natural to have doubts - bitcoin challenges our fundamental understanding of money, value, and trust. but ask yourself: where do these doubts come from?"
https://satoshinotebook.com/the-voice-of-doubt,p,consider the asymmetry of the decision:
https://satoshinotebook.com/the-voice-of-doubt,p,"given this asymmetry, the rational move becomes clear:"
https://satoshinotebook.com/the-voice-of-doubt,p,common sources of doubt often have little to do with bitcoin itself:
https://satoshinotebook.com/the-voice-of-doubt,p,consider which you would regret more:
https://satoshinotebook.com/the-voice-of-doubt,p,"you've explored bitcoin's properties as sound money, its role as universal truth, its inevitability as ai currency, and its position as a neutral reserve asset. now it's time to act on that knowledge."
https://satoshinotebook.com/the-voice-of-doubt,p,"acquire your first bitcoin. not out of certainty, but out of rational uncertainty management. not because you're sure, but because the asymmetry of the opportunity demands participation. your future self will thank you for having the courage to act while others remained paralyzed by doubt."
https://satoshinotebook.com/bitcoin-and-volatility,h3,Volatility is Price Discovery
https://satoshinotebook.com/bitcoin-and-volatility,h3,The Adoption Curve
https://satoshinotebook.com/bitcoin-and-volatility,h3,Volatility vs Timeframe
https://satoshinotebook.com/bitcoin-and-volatility,h3,The Volatility Paradox
https://satoshinotebook.com/bitcoin-and-volatility,h3,The Gift of Volatility
https://satoshinotebook.com/bitcoin-and-volatility,h3,Market Cap and Stability
https://satoshinotebook.com/bitcoin-and-volatility,h3,Store of Value Evolution
https://satoshinotebook.com/bitcoin-and-volatility,h3,The Path to Stability
https://satoshinotebook.com/bitcoin-and-volatility,p,bitcoin's volatility is not a flaw - it's a feature of price discovery for an entirely new asset class. understanding volatility requires looking beyond day-to-day price movements to see the larger pattern of adoption and value creation.
https://satoshinotebook.com/bitcoin-and-volatility,p,what critics call volatility is actually the process of price discovery for the world's first truly scarce digital asset:
https://satoshinotebook.com/bitcoin-and-volatility,p,volatility must be understood in the context of bitcoin's adoption curve:
https://satoshinotebook.com/bitcoin-and-volatility,p,the significance of volatility changes dramatically with your timeframe:
https://satoshinotebook.com/bitcoin-and-volatility,p,bitcoin's volatility contains a fascinating paradox:
https://satoshinotebook.com/bitcoin-and-volatility,p,volatility has been one of bitcoin's greatest gifts to individual adopters:
https://satoshinotebook.com/bitcoin-and-volatility,p,this volatility-driven dynamic creates several powerful effects:
https://satoshinotebook.com/bitcoin-and-volatility,p,volatility has become bitcoin's distribution mechanism:
https://satoshinotebook.com/bitcoin-and-volatility,p,bitcoin's volatility naturally decreases as its market cap grows:
https://satoshinotebook.com/bitcoin-and-volatility,p,"historically, all stores of value follow a similar pattern:"
https://satoshinotebook.com/bitcoin-and-volatility,p,bitcoin's volatility will naturally decrease as it fulfills its destiny:
https://satoshinotebook.com/bitcoin-and-volatility,p,"when bitcoin reaches its full potential as a global monetary network, its price will stabilize - not because it has changed, but because it has finished changing the world. until then, volatility isn't just unavoidable - it's necessary for bitcoin to grow from a tiny experiment into a global store of value."
https://satoshinotebook.com/bitcoin-and-crime,h3,The Transparency Revolution
https://satoshinotebook.com/bitcoin-and-crime,h3,Cash Remains King of Crime
https://satoshinotebook.com/bitcoin-and-crime,h3,Following the Money
https://satoshinotebook.com/bitcoin-and-crime,h3,Historical Context
https://satoshinotebook.com/bitcoin-and-crime,h3,The Banking Reality
https://satoshinotebook.com/bitcoin-and-crime,h3,A Natural Evolution
https://satoshinotebook.com/bitcoin-and-crime,h3,The Path Forward
https://satoshinotebook.com/bitcoin-and-crime,h3,The Ultimate Irony
https://satoshinotebook.com/bitcoin-and-crime,p,"the claim that bitcoin enables criminal activity reveals a fundamental misunderstanding of both money and transparency. bitcoin's public ledger creates unprecedented financial transparency, while traditional cash remains the overwhelming preference for illicit activities."
https://satoshinotebook.com/bitcoin-and-crime,p,bitcoin represents a radical departure from traditional financial privacy:
https://satoshinotebook.com/bitcoin-and-crime,p,the data tells a clear story about criminal preferences:
https://satoshinotebook.com/bitcoin-and-crime,p,bitcoin's design makes it uniquely unsuitable for criminal enterprise:
https://satoshinotebook.com/bitcoin-and-crime,p,every transformative technology faces similar criticisms:
https://satoshinotebook.com/bitcoin-and-crime,p,traditional banking enables massive financial crimes:
https://satoshinotebook.com/bitcoin-and-crime,p,bitcoin's early association with illicit activity follows a familiar pattern:
https://satoshinotebook.com/bitcoin-and-crime,p,bitcoin's transparency is creating new standards for financial integrity:
https://satoshinotebook.com/bitcoin-and-crime,p,those who criticize bitcoin for enabling crime miss the larger truth:
https://satoshinotebook.com/bitcoin-and-government-bans,h3,The Historical Pattern
https://satoshinotebook.com/bitcoin-and-government-bans,h3,The Game Theory of Adoption
https://satoshinotebook.com/bitcoin-and-government-bans,h3,The Technical Reality
https://satoshinotebook.com/bitcoin-and-government-bans,h3,The Adoption Paradox
https://satoshinotebook.com/bitcoin-and-government-bans,h3,The Global Race
https://satoshinotebook.com/bitcoin-and-government-bans,h3,The Political Evolution
https://satoshinotebook.com/bitcoin-and-government-bans,h3,The Infrastructure Reality
https://satoshinotebook.com/bitcoin-and-government-bans,h3,The Permission Paradox
https://satoshinotebook.com/bitcoin-and-government-bans,h3,The Path Forward
https://satoshinotebook.com/bitcoin-and-government-bans,p,"the notion that governments can successfully ban bitcoin reveals a fundamental misunderstanding of both bitcoin's nature and the emerging political reality. as nations compete for bitcoin's benefits, the question isn't whether governments will ban bitcoin - it's who will embrace it first."
https://satoshinotebook.com/bitcoin-and-government-bans,p,bitcoin bans follow a predictable cycle:
https://satoshinotebook.com/bitcoin-and-government-bans,p,governments face an inevitable prisoner's dilemma:
https://satoshinotebook.com/bitcoin-and-government-bans,p,bitcoin was designed to resist government control:
https://satoshinotebook.com/bitcoin-and-government-bans,p,attempts to ban bitcoin often accelerate its adoption:
https://satoshinotebook.com/bitcoin-and-government-bans,p,the international landscape has shifted dramatically:
https://satoshinotebook.com/bitcoin-and-government-bans,p,governments are realizing a crucial truth:
https://satoshinotebook.com/bitcoin-and-government-bans,p,bitcoin's infrastructure is now too deeply embedded:
https://satoshinotebook.com/bitcoin-and-government-bans,p,bitcoin's fundamental nature makes bans futile:
https://satoshinotebook.com/bitcoin-and-government-bans,p,smart governments are changing their approach:
https://satoshinotebook.com/bitcoin-and-government-bans,p,those still contemplating bans are fighting yesterday's battle. the future belongs to those who understand that bitcoin isn't just another financial innovation - it's the emergence of digital sovereignty itself.
https://satoshinotebook.com/bitcoin-and-quantum-computers,h3,The Quantum Timeline
https://satoshinotebook.com/bitcoin-and-quantum-computers,h3,Bitcoin's Adaptability
https://satoshinotebook.com/bitcoin-and-quantum-computers,h3,The Cryptographic Arsenal
https://satoshinotebook.com/bitcoin-and-quantum-computers,h3,The Broader Context
https://satoshinotebook.com/bitcoin-and-quantum-computers,h3,The Race Condition
https://satoshinotebook.com/bitcoin-and-quantum-computers,h3,The Evolutionary Advantage
https://satoshinotebook.com/bitcoin-and-quantum-computers,h3,The Practical Reality
https://satoshinotebook.com/bitcoin-and-quantum-computers,h3,The Ultimate Perspective
https://satoshinotebook.com/bitcoin-and-quantum-computers,h3,Looking Forward
https://satoshinotebook.com/bitcoin-and-quantum-computers,p,the quantum computing concern reflects a misunderstanding of both bitcoin's adaptive nature and the reality of cryptographic evolution. bitcoin isn't frozen in time - it's designed to evolve alongside technological progress.
https://satoshinotebook.com/bitcoin-and-quantum-computers,p,"first, let's understand the actual timeline of quantum threats:"
https://satoshinotebook.com/bitcoin-and-quantum-computers,p,bitcoin was designed with technological evolution in mind:
https://satoshinotebook.com/bitcoin-and-quantum-computers,p,quantum-resistant cryptography already exists:
https://satoshinotebook.com/bitcoin-and-quantum-computers,p,bitcoin isn't alone in facing quantum computing challenges:
https://satoshinotebook.com/bitcoin-and-quantum-computers,p,quantum computing faces its own challenges:
https://satoshinotebook.com/bitcoin-and-quantum-computers,p,bitcoin's open-source nature provides unique advantages:
https://satoshinotebook.com/bitcoin-and-quantum-computers,p,even if quantum computers arrive sooner than expected:
https://satoshinotebook.com/bitcoin-and-quantum-computers,p,the quantum computing concern reveals a deeper truth:
https://satoshinotebook.com/bitcoin-and-quantum-computers,p,the future belongs to adaptive systems:
https://satoshinotebook.com/faq,h3,Why not just invest in the S&P 500?
https://satoshinotebook.com/faq,h3,Isn't Bitcoin too volatile?
https://satoshinotebook.com/faq,h3,What if governments ban Bitcoin?
https://satoshinotebook.com/faq,h3,Isn't Bitcoin just a ponzi scheme?
https://satoshinotebook.com/faq,h3,What about Bitcoin's energy usage?
https://satoshinotebook.com/faq,h3,What if something better comes along?
https://satoshinotebook.com/faq,h3,Isn't Bitcoin destroying the environment?
https://satoshinotebook.com/faq,h3,What about Bitcoin's carbon footprint?
https://satoshinotebook.com/faq,h3,Isn't Bitcoin mainly used for illegal activities?
https://satoshinotebook.com/faq,h3,What about privacy coins and illegal use?
https://satoshinotebook.com/faq,h3,Why Bitcoin over other cryptocurrencies?
https://satoshinotebook.com/faq,h3,"What about newer, faster cryptocurrencies?"
https://satoshinotebook.com/faq,h3,Won't Bitcoin be replaced by CBDCs?
https://satoshinotebook.com/how-to-buy-bitcoin,h3,Bitcoin-Only Platforms
https://satoshinotebook.com/how-to-buy-bitcoin,h3,Avoid Common Pitfalls
https://satoshinotebook.com/how-to-buy-bitcoin,h3,Purchasing Methods
https://satoshinotebook.com/how-to-buy-bitcoin,h3,The First Purchase
https://satoshinotebook.com/how-to-buy-bitcoin,h3,Platform Selection Criteria
https://satoshinotebook.com/how-to-buy-bitcoin,h3,The Privacy Consideration
https://satoshinotebook.com/how-to-buy-bitcoin,h3,After Your Purchase
https://satoshinotebook.com/how-to-buy-bitcoin,h3,Long-term Strategy
https://satoshinotebook.com/how-to-buy-bitcoin,h3,The Path Forward
https://satoshinotebook.com/how-to-buy-bitcoin,p,"buying bitcoin is your first step toward monetary sovereignty. choose your path carefully - not all bitcoin acquisition methods are created equal. focus on bitcoin-only platforms that prioritize security, privacy, and sound money principles."
https://satoshinotebook.com/how-to-buy-bitcoin,p,these platforms understand and respect bitcoin's importance:
https://satoshinotebook.com/how-to-buy-bitcoin,p,protect yourself by avoiding these crucial mistakes:
https://satoshinotebook.com/how-to-buy-bitcoin,p,choose your strategy based on your needs:
https://satoshinotebook.com/how-to-buy-bitcoin,p,start your bitcoin journey with these steps:
https://satoshinotebook.com/how-to-buy-bitcoin,p,evaluate platforms based on these factors:
https://satoshinotebook.com/how-to-buy-bitcoin,p,understand the privacy implications:
https://satoshinotebook.com/how-to-buy-bitcoin,p,crucial next steps after buying:
https://satoshinotebook.com/how-to-buy-bitcoin,p,develop a sustainable bitcoin acquisition strategy:
https://satoshinotebook.com/how-to-buy-bitcoin,p,remember the bigger picture:
https://satoshinotebook.com/how-to-buy-bitcoin,p,your bitcoin journey starts with a single sat. make it count by choosing the right platform and developing the right habits from the beginning.
https://satoshinotebook.com/how-to-secure-your-bitcoin,h3,The Storage Spectrum
https://satoshinotebook.com/how-to-secure-your-bitcoin,h3,The Exchange Trap
https://satoshinotebook.com/how-to-secure-your-bitcoin,h3,Hot Wallet Considerations
https://satoshinotebook.com/how-to-secure-your-bitcoin,h3,Cold Storage Solutions
https://satoshinotebook.com/how-to-secure-your-bitcoin,h3,The Cold Storage Imperative
https://satoshinotebook.com/how-to-secure-your-bitcoin,h3,Security Best Practices
https://satoshinotebook.com/how-to-secure-your-bitcoin,h3,The Backup Strategy
https://satoshinotebook.com/how-to-secure-your-bitcoin,h3,The Privacy Layer
https://satoshinotebook.com/how-to-secure-your-bitcoin,h3,The Learning Path
https://satoshinotebook.com/how-to-secure-your-bitcoin,h3,The Sovereignty Reality
https://satoshinotebook.com/how-to-secure-your-bitcoin,p,securing your bitcoin is not just about protecting wealth - it's about embracing true monetary sovereignty. your security approach determines whether you're actually holding bitcoin or merely exposure to its price.
https://satoshinotebook.com/how-to-secure-your-bitcoin,p,bitcoin storage exists on a spectrum of security and sovereignty:
https://satoshinotebook.com/how-to-secure-your-bitcoin,p,keeping bitcoin on exchanges means accepting critical risks:
https://satoshinotebook.com/how-to-secure-your-bitcoin,p,software wallets offer a middle ground:
https://satoshinotebook.com/how-to-secure-your-bitcoin,p,hardware wallets represent true bitcoin custody:
https://satoshinotebook.com/how-to-secure-your-bitcoin,p,cold storage isn't just one option - it's the only option for serious bitcoin holders:
https://satoshinotebook.com/how-to-secure-your-bitcoin,p,essential principles for bitcoin security:
https://satoshinotebook.com/how-to-secure-your-bitcoin,p,proper backup is as crucial as the wallet itself:
https://satoshinotebook.com/how-to-secure-your-bitcoin,p,security and privacy are interlinked:
https://satoshinotebook.com/how-to-secure-your-bitcoin,p,recommended progression for new bitcoiners:
https://satoshinotebook.com/how-to-secure-your-bitcoin,p,true bitcoin ownership requires personal responsibility:
https://satoshinotebook.com/how-to-secure-your-bitcoin,p,the path to bitcoin sovereignty begins with a single decision: taking custody of your own keys. everything else follows from this fundamental choice.
https://satoshinotebook.com/seed-phrases,h3,The Fundamental Truth
https://satoshinotebook.com/seed-phrases,h3,What Is a Seed Phrase?
https://satoshinotebook.com/seed-phrases,h3,The Power of Words
https://satoshinotebook.com/seed-phrases,h3,Exchange Custody Reality
https://satoshinotebook.com/seed-phrases,h3,True Ownership
https://satoshinotebook.com/seed-phrases,h3,Securing Your Sovereignty
https://satoshinotebook.com/seed-phrases,h3,The Responsibility Shift
https://satoshinotebook.com/seed-phrases,h3,Common Threats
https://satoshinotebook.com/seed-phrases,h3,The Inheritance Question
https://satoshinotebook.com/seed-phrases,h3,The Ultimate Truth
https://satoshinotebook.com/seed-phrases,p,your seed phrase isn't just a backup - it's the essence of your monetary sovereignty. these words represent the difference between owning bitcoin and merely having permission to use it.
https://satoshinotebook.com/seed-phrases,p,"""not your keys, not your bitcoin"" isn't just a catchphrase:"
https://satoshinotebook.com/seed-phrases,p,understanding your seed phrase:
https://satoshinotebook.com/seed-phrases,p,these simple words hold extraordinary power:
https://satoshinotebook.com/seed-phrases,p,understand what exchange custody really means:
https://satoshinotebook.com/seed-phrases,p,self-custody through seed phrases provides:
https://satoshinotebook.com/seed-phrases,p,essential practices for seed phrase security:
https://satoshinotebook.com/seed-phrases,p,self-custody means embracing responsibility:
https://satoshinotebook.com/seed-phrases,p,protect yourself from these critical risks:
https://satoshinotebook.com/seed-phrases,p,planning for the future:
https://satoshinotebook.com/seed-phrases,p,the seed phrase represents a revolutionary concept:
https://satoshinotebook.com/seed-phrases,p,your seed phrase is more than a backup - it's the key to a new paradigm of human rights and financial sovereignty. treat it accordingly.
https://satoshinotebook.com/stay-humble-and-stack-sats,h3,The Virtue of Humility
https://satoshinotebook.com/stay-humble-and-stack-sats,h3,The Wisdom of Stacking
https://satoshinotebook.com/stay-humble-and-stack-sats,h3,The Path of the Humble Stacker
https://satoshinotebook.com/stay-humble-and-stack-sats,h3,Beyond Price
https://satoshinotebook.com/stay-humble-and-stack-sats,h3,The Ritual of Stacking
https://satoshinotebook.com/stay-humble-and-stack-sats,h3,The Long View
https://satoshinotebook.com/stay-humble-and-stack-sats,p,"in a world of noise and speculation, the timeless wisdom remains: accumulate quietly, remain humble, trust in satoshis."
https://satoshinotebook.com/stay-humble-and-stack-sats,p,"bitcoin teaches humility through its very nature - no one can control it, predict it, or claim complete understanding of its emergent effects."
https://satoshinotebook.com/stay-humble-and-stack-sats,p,stacking sats embodies profound truths about value and time:
https://satoshinotebook.com/stay-humble-and-stack-sats,p,true bitcoiners understand these eternal principles:
https://satoshinotebook.com/stay-humble-and-stack-sats,p,staying humble means understanding deeper truths:
https://satoshinotebook.com/stay-humble-and-stack-sats,p,there is profound peace in the simple act of stacking sats:
https://satoshinotebook.com/stay-humble-and-stack-sats,p,humility enables us to see beyond the immediate:
https://satoshinotebook.com/stay-humble-and-stack-sats,p,"we stack not for tomorrow's price, but for tomorrow's world. we remain humble not because we doubt, but because we understand the magnitude of what we're part of. this is not about getting rich - it's about quietly securing sovereignty while the world learns what we already know."
https://satoshinotebook.com/stay-humble-and-stack-sats,p,stay humble. stack sats. let time reveal what patience and consistency have built.
https://satoshinotebook.com/bitcoin-voices-to-follow,h3,Essential Educators
https://satoshinotebook.com/bitcoin-voices-to-follow,h3,Strategic Thinkers
https://satoshinotebook.com/bitcoin-voices-to-follow,h3,Technical Builders
https://satoshinotebook.com/bitcoin-voices-to-follow,h3,Privacy Advocates
https://satoshinotebook.com/bitcoin-voices-to-follow,h3,Product Builders
https://satoshinotebook.com/bitcoin-voices-to-follow,h3,Mining Experts
https://satoshinotebook.com/bitcoin-voices-to-follow,h3,Media & Content
https://satoshinotebook.com/bitcoin-voices-to-follow,h3,Lightning Network Innovators
https://satoshinotebook.com/bitcoin-voices-to-follow,h3,Economic Theorists
https://satoshinotebook.com/bitcoin-voices-to-follow,h3,Node Runners & DIY
https://satoshinotebook.com/bitcoin-voices-to-follow,h3,Policy & Legal
https://satoshinotebook.com/bitcoin-voices-to-follow,h3,Follow Best Practices
https://satoshinotebook.com/bitcoin-voices-to-follow,p,"the bitcoin ecosystem is rich with visionaries, builders, and educators who help us understand and advance this monetary revolution. these voices provide crucial insights, education, and leadership in the space."
https://satoshinotebook.com/bitcoin-voices-to-follow,p,when following bitcoin voices:
https://satoshinotebook.com/bitcoin-voices-to-follow,p,remember: bitcoin is about removing trusted third parties - think critically and verify everything yourself.
https://satoshinotebook.com/bitcoin-books-to-read,h3,Essential Reading
https://satoshinotebook.com/bitcoin-books-to-read,h3,Technical Understanding
https://satoshinotebook.com/bitcoin-books-to-read,h3,Economic Theory
https://satoshinotebook.com/bitcoin-books-to-read,h3,Privacy & Security
https://satoshinotebook.com/bitcoin-books-to-read,h3,Historical Context
https://satoshinotebook.com/bitcoin-books-to-read,h3,Free Resources
https://satoshinotebook.com/bitcoin-books-to-read,h3,Reading Approach
https://satoshinotebook.com/bitcoin-books-to-read,p,bitcoin literature represents a crucial bridge between the technical and philosophical aspects of this monetary revolution. these books offer deep insights into bitcoin's importance and implications.
https://satoshinotebook.com/bitcoin-books-to-read,p,maximize your bitcoin education:
https://satoshinotebook.com/bitcoin-books-to-read,p,"remember: understanding bitcoin is a journey, not a destination. each book offers unique insights into this revolutionary technology."
https://satoshinotebook.com/selflessness,h3,The Ultimate Gift
https://satoshinotebook.com/selflessness,h3,The Power of Anonymity
https://satoshinotebook.com/selflessness,h3,The Perfect Exit
https://satoshinotebook.com/selflessness,h3,Lessons in Selflessness
https://satoshinotebook.com/selflessness,h3,The Hidden Sage
https://satoshinotebook.com/selflessness,h3,Upgrading Humanity
https://satoshinotebook.com/selflessness,h3,The Eternal Echo
https://satoshinotebook.com/selflessness,p,"in an age of ego and attribution, satoshi chose the path of pure creation - gifting humanity a transformative technology while remaining forever in the shadows."
https://satoshinotebook.com/selflessness,p,"satoshi's creation was unprecedented - not just in its technical brilliance, but in the purity of its giving. a monetary revolution handed to humanity without seeking credit, fame, or fortune."
https://satoshinotebook.com/selflessness,p,satoshi's anonymity wasn't just practical - it was philosophical:
https://satoshinotebook.com/selflessness,p,"walking away at the perfect moment, satoshi demonstrated profound wisdom:"
https://satoshinotebook.com/selflessness,p,satoshi's example teaches eternal truths:
https://satoshinotebook.com/selflessness,p,"in choosing anonymity, satoshi became something more than a person:"
https://satoshinotebook.com/selflessness,p,"beyond the technical achievement, satoshi demonstrated a new way of changing the world:"
https://satoshinotebook.com/selflessness,p,"satoshi's gift ripples through time, teaching us that the greatest acts of creation come from pure intention - unmarred by ego, unseduced by fame, untainted by personal gain."
https://satoshinotebook.com/selflessness,p,"in a world obsessed with attribution and acclaim, satoshi showed us another way: create something beautiful, give it completely, and walk away. let the work speak for itself. let the gift transform on its own."
https://satoshinotebook.com/selflessness,p,"this is bitcoin's deepest lesson: true revolution comes not from those who seek to lead, but from those who are willing to light the path and fade away."
https://satoshinotebook.com/upgrade-the-world,h3,The Eternal Quest
https://satoshinotebook.com/upgrade-the-world,h3,The Noble Pursuit
https://satoshinotebook.com/upgrade-the-world,h3,Individual Responsibility
https://satoshinotebook.com/upgrade-the-world,h3,The Nature of Progress
https://satoshinotebook.com/upgrade-the-world,h3,Beyond the Self
https://satoshinotebook.com/upgrade-the-world,h3,The Bitcoin Example
https://satoshinotebook.com/upgrade-the-world,h3,The Continuous Journey
https://satoshinotebook.com/upgrade-the-world,p,"the story of humanity is a continuous journey of upgrade - each generation building upon the last, each individual bearing the noble responsibility to elevate what came before."
https://satoshinotebook.com/upgrade-the-world,p,"from the first tool to the latest technology, humans have consistently sought to improve, enhance, and transcend their current limitations."
https://satoshinotebook.com/upgrade-the-world,p,the drive to upgrade embodies the highest human virtues:
https://satoshinotebook.com/upgrade-the-world,p,upgrading the world begins with personal commitment:
https://satoshinotebook.com/upgrade-the-world,p,true upgrade follows eternal principles:
https://satoshinotebook.com/upgrade-the-world,p,upgrading the world requires transcending personal gain:
https://satoshinotebook.com/upgrade-the-world,p,bitcoin represents the upgrade spirit in its purest form:
https://satoshinotebook.com/upgrade-the-world,p,"upgrading is not a destination but an eternal process. each improvement reveals new possibilities, each solution opens new horizons, each upgrade points to the next."
https://satoshinotebook.com/upgrade-the-world,p,"this is the nobility of our quest - not that we will achieve perfection, but that we forever strive toward it. each generation taking up the torch, each individual adding their unique contribution to humanity's upward spiral."
https://satoshinotebook.com/upgrade-the-world,p,"to upgrade the world is to participate in humanity's grandest story - the endless journey toward better, the eternal climb toward what could be."
https://satoshinotebook.com/self-responsibility,h3,The Weight of Sovereignty
https://satoshinotebook.com/self-responsibility,h3,The Virtues of Self-Reliance
https://satoshinotebook.com/self-responsibility,h3,The Bitcoin Mirror
https://satoshinotebook.com/self-responsibility,h3,The Price of Freedom
https://satoshinotebook.com/self-responsibility,h3,Beyond Money
https://satoshinotebook.com/self-responsibility,h3,The Path of Knowledge
https://satoshinotebook.com/self-responsibility,h3,The Noble Burden
https://satoshinotebook.com/self-responsibility,p,"to take full responsibility for one's life is the highest form of self-respect - bitcoin embodies this truth through its fundamental principle: don't trust, verify."
https://satoshinotebook.com/self-responsibility,p,"true responsibility means accepting the full weight of one's existence - no delegation, no excuses, no escape from the consequences of our choices."
https://satoshinotebook.com/self-responsibility,p,taking responsibility cultivates essential virtues:
https://satoshinotebook.com/self-responsibility,p,bitcoin's architecture reflects the principles of self-responsibility:
https://satoshinotebook.com/self-responsibility,p,self-responsibility demands continuous engagement:
https://satoshinotebook.com/self-responsibility,p,the principles of self-custody extend to all aspects of life:
https://satoshinotebook.com/self-responsibility,p,responsibility requires understanding:
https://satoshinotebook.com/self-responsibility,p,"true responsibility is both a burden and a liberation. it demands everything from us, yet in return offers something precious: the dignity of self-determination."
https://satoshinotebook.com/self-responsibility,p,"bitcoin teaches us that real ownership - of our money, our decisions, our destiny - requires constant vigilance and active participation. there is no autopilot on the path to sovereignty."
https://satoshinotebook.com/self-responsibility,p,"this is the ultimate truth: the only life worth living is one where we fully own our choices, our actions, and their consequences. anything less is an abdication of our essential human dignity."
https://satoshinotebook.com/tell-the-truth,h3,The Foundation
https://satoshinotebook.com/tell-the-truth,h3,The Personal Revolution
https://satoshinotebook.com/tell-the-truth,h3,The Systemic Truth
https://satoshinotebook.com/tell-the-truth,h3,The Cost of Honesty
https://satoshinotebook.com/tell-the-truth,h3,The Ripple Effect
https://satoshinotebook.com/tell-the-truth,h3,The Ultimate Efficiency
https://satoshinotebook.com/tell-the-truth,h3,The Path Forward
https://satoshinotebook.com/tell-the-truth,p,"in a world built on layers of deception, telling the truth becomes a revolutionary act. bitcoin embodies this principle through its immutable honesty."
https://satoshinotebook.com/tell-the-truth,p,"truth is not merely an ethical choice - it is the bedrock of reality itself. deception, no matter how convenient, eventually collides with what is real."
https://satoshinotebook.com/tell-the-truth,p,telling the truth transforms the individual:
https://satoshinotebook.com/tell-the-truth,p,bitcoin enforces honesty at every level:
https://satoshinotebook.com/tell-the-truth,p,truth-telling requires profound courage:
https://satoshinotebook.com/tell-the-truth,p,truth creates cascading clarity:
https://satoshinotebook.com/tell-the-truth,p,truth simplifies everything:
https://satoshinotebook.com/tell-the-truth,p,truth is not merely about honesty - it is about seeing and accepting reality exactly as it is. this is both our greatest challenge and our only real option.
https://satoshinotebook.com/tell-the-truth,p,"in adopting bitcoin, we choose a monetary system built on indisputable truth. in telling the truth, we align ourselves with reality itself."
https://satoshinotebook.com/tell-the-truth,p,"this is our path: to face what is, to speak what we see, to build on truth alone. everything else is sand beneath our feet."
https://satoshinotebook.com/longtermism,h3,The Expanded View
https://satoshinotebook.com/longtermism,h3,The Time Horizon
https://satoshinotebook.com/longtermism,h3,Beyond the Self
https://satoshinotebook.com/longtermism,h3,The Bitcoin Lesson
https://satoshinotebook.com/longtermism,h3,Present Responsibilities
https://satoshinotebook.com/longtermism,h3,The Temporal Commons
https://satoshinotebook.com/longtermism,h3,Beyond the Horizon
https://satoshinotebook.com/longtermism,p,"longtermism is not just a perspective - it is the courage to extend our circle of care beyond the immediate, beyond our lifetimes, into humanity's deepest future."
https://satoshinotebook.com/longtermism,p,"in a world obsessed with the immediate, taking the long view becomes a radical act. it requires seeing beyond the noise of now into the signal of centuries."
https://satoshinotebook.com/longtermism,p,true longtermism shapes every decision:
https://satoshinotebook.com/longtermism,p,longtermism demands transcending our temporal limitations:
https://satoshinotebook.com/longtermism,p,bitcoin's design principles reflect deep longtermist wisdom:
https://satoshinotebook.com/longtermism,p,longtermism creates immediate obligations:
https://satoshinotebook.com/longtermism,p,the future is our shared inheritance:
https://satoshinotebook.com/longtermism,p,"longtermism is not mere patience - it is the profound recognition that our actions echo through time, touching lives we will never know, shaping futures we will never see."
https://satoshinotebook.com/longtermism,p,"in choosing bitcoin, in thinking long-term, in caring about the distant future, we transcend our temporal limitations. we become part of humanity's longest story."
https://satoshinotebook.com/longtermism,p,"this is our highest calling: to be good ancestors, to plant trees we'll never sit under, to build systems that will serve those who come long after we are gone."
https://satoshinotebook.com/the-struggle-of-the-individual,h3,The Individual Universe
https://satoshinotebook.com/the-struggle-of-the-individual,h3,Freedom from Collective Demands
https://satoshinotebook.com/the-struggle-of-the-individual,h3,Your Private Garden
https://satoshinotebook.com/the-struggle-of-the-individual,h3,The New Sovereignty
https://satoshinotebook.com/the-struggle-of-the-individual,h3,The Power Dynamic Shift
https://satoshinotebook.com/the-struggle-of-the-individual,h3,The Ultimate Expression
https://satoshinotebook.com/the-struggle-of-the-individual,p,"bitcoin enables the creation of an inviolable personal universe - a sovereign space where the individual can truly own their wealth, free from collective control or societal demands. it represents the triumph of individual sovereignty over collective coercion."
https://satoshinotebook.com/the-struggle-of-the-individual,p,"for the first time in history, bitcoin allows individuals to create their own economic universe:"
https://satoshinotebook.com/the-struggle-of-the-individual,p,bitcoin inverts the traditional relationship between individual and society:
https://satoshinotebook.com/the-struggle-of-the-individual,p,bitcoin enables true ownership and cultivation of personal wealth:
https://satoshinotebook.com/the-struggle-of-the-individual,p,bitcoin creates a new form of individual sovereignty:
https://satoshinotebook.com/the-struggle-of-the-individual,p,bitcoin fundamentally alters the balance between individual and collective:
https://satoshinotebook.com/the-struggle-of-the-individual,p,bitcoin represents the ultimate expression of individual economic sovereignty:
https://satoshinotebook.com/the-struggle-of-the-individual,p,"in a world where collective demands constantly encroach on individual rights, bitcoin creates an impenetrable sphere of personal sovereignty. it allows each person to build their own economic universe, where their rights are protected not by social agreement but by mathematical law."
https://satoshinotebook.com/light-the-path,h3,The Art of Guidance
https://satoshinotebook.com/light-the-path,h3,The Guide's Virtues
https://satoshinotebook.com/light-the-path,h3,Meeting Them Where They Are
https://satoshinotebook.com/light-the-path,h3,The Path of Understanding
https://satoshinotebook.com/light-the-path,h3,Beyond Information
https://satoshinotebook.com/light-the-path,h3,The Responsibility
https://satoshinotebook.com/light-the-path,h3,The Ongoing Journey
https://satoshinotebook.com/light-the-path,p,"to guide others toward understanding is not to push or pull, but to light the path and walk beside them on their journey."
https://satoshinotebook.com/light-the-path,p,each person's journey to bitcoin understanding is unique. our role is not to force insight but to create conditions where insight becomes possible.
https://satoshinotebook.com/light-the-path,p,helping others requires special qualities:
https://satoshinotebook.com/light-the-path,p,everyone enters from a different door:
https://satoshinotebook.com/light-the-path,p,guiding others requires careful steps:
https://satoshinotebook.com/light-the-path,p,true guidance transcends mere knowledge:
https://satoshinotebook.com/light-the-path,p,"as guides, we must remember:"
https://satoshinotebook.com/light-the-path,p,"guiding others is a profound responsibility. we carry forward the torch that others lit for us, extending the chain of understanding through time."
https://satoshinotebook.com/light-the-path,p,"our role is to illuminate possibilities, to make complex ideas accessible, to encourage discovery rather than enforce belief. we are not missionaries but fellow travelers, sharing what we've learned while continuing to learn ourselves."
https://satoshinotebook.com/light-the-path,p,"this is the way: to light the path for others as it was lit for us, each understanding deepening with each person who joins the journey."
https://satoshinotebook.com/peace,h3,The Foundation of Peace
https://satoshinotebook.com/peace,h3,The Power of Cooperation
https://satoshinotebook.com/peace,h3,Bitcoin's Role
https://satoshinotebook.com/peace,h3,The Path to Peace
https://satoshinotebook.com/peace,h3,Beyond Borders
https://satoshinotebook.com/peace,h3,The Cooperative Future
https://satoshinotebook.com/peace,h3,The Universal Language
https://satoshinotebook.com/peace,p,peace is not merely the absence of conflict - it is the presence of voluntary cooperation. bitcoin enables this by creating a system where collaboration becomes more profitable than coercion.
https://satoshinotebook.com/peace,p,"true peace emerges not from force, but from aligned incentives and voluntary exchange. when people can cooperate freely and securely, conflict becomes unnecessary."
https://satoshinotebook.com/peace,p,voluntary cooperation creates possibilities beyond conflict:
https://satoshinotebook.com/peace,p,bitcoin's design inherently promotes peaceful cooperation:
https://satoshinotebook.com/peace,p,building peace requires active choices:
https://satoshinotebook.com/peace,p,peace transcends artificial boundaries:
https://satoshinotebook.com/peace,p,bitcoin points the way forward:
https://satoshinotebook.com/peace,p,"peace requires a common ground where all can meet as equals. bitcoin provides this through its universal rules, applying equally to all participants regardless of their power or position."
https://satoshinotebook.com/peace,p,"through its very nature, bitcoin demonstrates that the most powerful systems are those built on voluntary cooperation rather than force. when we align incentives correctly, peace becomes not just possible, but inevitable."
https://satoshinotebook.com/peace,p,"this is our path forward: building systems that make peace more profitable than war, cooperation more powerful than conflict, and voluntary participation more effective than forced compliance."
https://satoshinotebook.com/freedom,h3,The Essence of Freedom
https://satoshinotebook.com/freedom,h3,Breaking the Chains
https://satoshinotebook.com/freedom,h3,The Tools of Liberty
https://satoshinotebook.com/freedom,h3,Freedom's Responsibility
https://satoshinotebook.com/freedom,h3,Beyond the Physical
https://satoshinotebook.com/freedom,h3,The Daily Practice
https://satoshinotebook.com/freedom,h3,The Ultimate Truth
https://satoshinotebook.com/freedom,p,"freedom is not a state to achieve but a constant practice - the daily choice to own yourself completely, to live without permission, to exist beyond control."
https://satoshinotebook.com/freedom,p,"true freedom begins in the mind but must manifest in reality. it is the alignment of thought, action, and existence - the ability to live according to your highest understanding."
https://satoshinotebook.com/freedom,p,freedom requires active liberation:
https://satoshinotebook.com/freedom,p,bitcoin provides essential instruments of freedom:
https://satoshinotebook.com/freedom,p,true freedom demands complete ownership:
https://satoshinotebook.com/freedom,p,freedom transcends mere circumstances:
https://satoshinotebook.com/freedom,p,freedom must be lived:
https://satoshinotebook.com/freedom,p,"freedom is not found - it is created. not granted - but taken. not received - but practiced. every day, every action, every choice a step toward greater sovereignty."
https://satoshinotebook.com/freedom,p,"in bitcoin, we have discovered not just sound money, but the technological foundation of human liberty. a tool that makes freedom not just possible but practical, not just desirable but inevitable."
https://satoshinotebook.com/freedom,p,"be free. not tomorrow, not eventually, but now. in this moment. in every moment. freedom is not the destination - it is the way itself."
